"datetime_fitted","manual_fit","Region","Year","Mean","Median","StDev","t.start.","t.max_real.","t.max_fit.","t.end.","t.duration.","Magnitude.real.","Magnitude.fit.","Amplitude.real.","Amplitude.fit.","Flags","B0","h","sigma","beta","failure_code","RMSE","settings_region","settings_sat_alg","settings_concentration_type","settings_cell_size_model1","settings_cell_size_model2","settings_year","settings_composite","settings_log_chla","settings_yearday_slide","settings_percent","settings_outlier","settings_dailystat","settings_pixrange1","settings_pixrange2","settings_fitmethod","settings_bloomShape","settings_smoothMethod","settings_loessSpan","settings_t_range","settings_ti_limits","settings_tm_limits","settings_ti_threshold_type","settings_ti_threshold_percent","settings_ti_threshold_constant","settings_tm","settings_beta","settings_use_weights","settings_rm_bkrnd","settings_flag1_lim1","settings_flag1_lim2","settings_flag2_lim1","settings_flag2_lim2","settings_threshcoef","settings_fullrunoutput_png","settings_fullrunoutput_statcsv","settings_fullrunyears","settings_fullrunboxes","settings_box","settings_custom_name","settings_polystr"
"2024-02-13-093001",FALSE,"CSS_V02",2003,1.113924796,0.299137575,2.081613134,78,97,94,110,32,108.3548072,101.5028835,12.05523795,5.099778933,1,0.994038566,107.7030461,8.425325761,-0.004326839,0,0.30403103,"atlantic","modisaquar2022.0_chlpoly4","full","small","small","2023","1","FALSE","1","20","sd3","average","","","gauss","symmetric","loess","0.2","31,220","52,176","91,180","percent_thresh","20","0.1","TRUE","TRUE","TRUE","TRUE","0.75","1.25","0.85","1.15","1.05","FALSE","TRUE","2002,2024","CS_V02,CSS_V02,ESS_V02,GB_V02,HL2,LS_V02,P5,WSS_V02","custom","",NA
"2024-02-13-093001",FALSE,"CSS_V02",2004,0.973446454,0.441066399,1.215631614,66,86,91,116,50,81.72122543,86.29888335,5.531709107,2.728035339,15,0.643430671,92.16145046,13.47750107,-0.002294753,0,0.210092712,"atlantic","modisaquar2022.0_chlpoly4","full","small","small","2023","1","FALSE","1","20","sd3","average","","","gauss","symmetric","loess","0.2","31,220","52,176","91,180","percent_thresh","20","0.1","TRUE","TRUE","TRUE","TRUE","0.75","1.25","0.85","1.15","1.05","FALSE","TRUE","2002,2024","CS_V02,CSS_V02,ESS_V02,GB_V02,HL2,LS_V02,P5,WSS_V02","custom","",NA
"2024-02-13-093001",FALSE,"CSS_V02",2005,0.544398822,0.422713475,0.380371863,125,134,142,159,34,11.34863365,10.63974396,0.724481292,0.500796967,1,0.861967412,11.30877279,9.00873588,-0.002562819,0,0.194560086,"atlantic","modisaquar2022.0_chlpoly4","full","small","small","2023","1","FALSE","1","20","sd3","average","","","gauss","symmetric","loess","0.2","31,220","52,176","91,180","percent_thresh","20","0.1","TRUE","TRUE","TRUE","TRUE","0.75","1.25","0.85","1.15","1.05","FALSE","TRUE","2002,2024","CS_V02,CSS_V02,ESS_V02,GB_V02,HL2,LS_V02,P5,WSS_V02","custom","",NA
"2024-02-13-093001",FALSE,"CSS_V02",2006,0.772758637,0.582875737,0.514061957,47,93,91,135,88,43.83784102,50.44782861,1.584760663,0.896034706,125,0.506151844,54.11999084,24.0958887,-0.001075037,0,0.165911872,"atlantic","modisaquar2022.0_chlpoly4","full","small","small","2023","1","FALSE","1","20","sd3","average","","","gauss","symmetric","loess","0.2","31,220","52,176","91,180","percent_thresh","20","0.1","TRUE","TRUE","TRUE","TRUE","0.75","1.25","0.85","1.15","1.05","FALSE","TRUE","2002,2024","CS_V02,CSS_V02,ESS_V02,GB_V02,HL2,LS_V02,P5,WSS_V02","custom","",NA
"2024-02-13-093001",FALSE,"CSS_V02",2007,0.954698958,0.373972445,1.138674181,75,91,91,107,32,85.63100404,83.34563824,5.004855905,4.142355155,5,0.837612384,88.79310732,8.551493871,-0.002930057,0,0.186616625,"atlantic","modisaquar2022.0_chlpoly4","full","small","small","2023","1","FALSE","1","20","sd3","average","","","gauss","symmetric","loess","0.2","31,220","52,176","91,180","percent_thresh","20","0.1","TRUE","TRUE","TRUE","TRUE","0.75","1.25","0.85","1.15","1.05","FALSE","TRUE","2002,2024","CS_V02,CSS_V02,ESS_V02,GB_V02,HL2,LS_V02,P5,WSS_V02","custom","",NA
"2024-02-13-093001",FALSE,"CSS_V02",2008,0.666083403,0.554537467,0.406103391,92,99,99,106,14,7.110347451,8.695118856,2.129662659,1.061787626,12,0.698415512,9.053841577,3.401772743,-0.000982818,0,0.179132138,"atlantic","modisaquar2022.0_chlpoly4","full","small","small","2023","1","FALSE","1","20","sd3","average","","","gauss","symmetric","loess","0.2","31,220","52,176","91,180","percent_thresh","20","0.1","TRUE","TRUE","TRUE","TRUE","0.75","1.25","0.85","1.15","1.05","FALSE","TRUE","2002,2024","CS_V02,CSS_V02,ESS_V02,GB_V02,HL2,LS_V02,P5,WSS_V02","custom","",NA
"2024-02-13-093001",FALSE,"CSS_V02",2009,0.855102857,0.604864283,1.185280639,77,99,91,105,28,36.38280488,74.53669995,7.932405258,4.170589984,125,1.183732932,79.88421404,7.641410601,-0.005215273,0,0.238026295,"atlantic","modisaquar2022.0_chlpoly4","full","small","small","2023","1","FALSE","1","20","sd3","average","","","gauss","symmetric","loess","0.2","31,220","52,176","91,180","percent_thresh","20","0.1","TRUE","TRUE","TRUE","TRUE","0.75","1.25","0.85","1.15","1.05","FALSE","TRUE","2002,2024","CS_V02,CSS_V02,ESS_V02,GB_V02,HL2,LS_V02,P5,WSS_V02","custom","",NA
"2024-02-13-093001",FALSE,"CSS_V02",2010,0.881407729,0.458821297,1.58907566,72,93,91,110,38,57.10053688,30.5624011,12.54936975,1.288301328,125,1.243062087,32.47303283,10.05577304,-0.004793018,0,0.289133066,"atlantic","modisaquar2022.0_chlpoly4","full","small","small","2023","1","FALSE","1","20","sd3","average","","","gauss","symmetric","loess","0.2","31,220","52,176","91,180","percent_thresh","20","0.1","TRUE","TRUE","TRUE","TRUE","0.75","1.25","0.85","1.15","1.05","FALSE","TRUE","2002,2024","CS_V02,CSS_V02,ESS_V02,GB_V02,HL2,LS_V02,P5,WSS_V02","custom","",NA
"2024-02-13-093001",FALSE,"CSS_V02",2011,0.891430552,0.569102605,1.123762403,100,105,106,112,12,24.6392867,34.98719974,6.634725468,4.584736073,12,1.164075069,37.44075121,3.257918979,-0.004030792,0,0.204898115,"atlantic","modisaquar2022.0_chlpoly4","full","small","small","2023","1","FALSE","1","20","sd3","average","","","gauss","symmetric","loess","0.2","31,220","52,176","91,180","percent_thresh","20","0.1","TRUE","TRUE","TRUE","TRUE","0.75","1.25","0.85","1.15","1.05","FALSE","TRUE","2002,2024","CS_V02,CSS_V02,ESS_V02,GB_V02,HL2,LS_V02,P5,WSS_V02","custom","",NA
"2024-02-13-093001",FALSE,"CSS_V02",2012,0.656472213,0.385956707,0.52242982,67,73,91,115,48,21.45567917,16.59809239,1.723047768,0.537980091,125,1.021650564,17.84134441,13.2303532,-0.003987475,0,0.222900671,"atlantic","modisaquar2022.0_chlpoly4","full","small","small","2023","1","FALSE","1","20","sd3","average","","","gauss","symmetric","loess","0.2","31,220","52,176","91,180","percent_thresh","20","0.1","TRUE","TRUE","TRUE","TRUE","0.75","1.25","0.85","1.15","1.05","FALSE","TRUE","2002,2024","CS_V02,CSS_V02,ESS_V02,GB_V02,HL2,LS_V02,P5,WSS_V02","custom","",NA
"2024-02-13-093001",FALSE,"CSS_V02",2013,0.793552914,0.458969093,1.499422806,93,101,102,111,18,56.07762777,33.72319041,10.59619305,3.116515167,12,0.954172139,35.38373331,4.529439614,-0.003200994,0,0.187969541,"atlantic","modisaquar2022.0_chlpoly4","full","small","small","2023","1","FALSE","1","20","sd3","average","","","gauss","symmetric","loess","0.2","31,220","52,176","91,180","percent_thresh","20","0.1","TRUE","TRUE","TRUE","TRUE","0.75","1.25","0.85","1.15","1.05","FALSE","TRUE","2002,2024","CS_V02,CSS_V02,ESS_V02,GB_V02,HL2,LS_V02,P5,WSS_V02","custom","",NA
"2024-02-13-093001",FALSE,"CSS_V02",2014,1.198178936,0.765830814,1.262108558,120,129,129,138,18,17.97060712,24.10605058,4.256400988,2.246089749,12,1.793641778,25.23216652,4.481645515,-0.005669292,0,0.236688628,"atlantic","modisaquar2022.0_chlpoly4","full","small","small","2023","1","FALSE","1","20","sd3","average","","","gauss","symmetric","loess","0.2","31,220","52,176","91,180","percent_thresh","20","0.1","TRUE","TRUE","TRUE","TRUE","0.75","1.25","0.85","1.15","1.05","FALSE","TRUE","2002,2024","CS_V02,CSS_V02,ESS_V02,GB_V02,HL2,LS_V02,P5,WSS_V02","custom","",NA
"2024-02-13-093001",FALSE,"CSS_V02",2015,0.930399358,0.486783711,0.908856861,86,102,100,114,28,48.69057559,43.69369824,3.780364191,2.458267398,1,1.424120055,46.72385611,7.582625763,-0.006258219,0,0.296713264,"atlantic","modisaquar2022.0_chlpoly4","full","small","small","2023","1","FALSE","1","20","sd3","average","","","gauss","symmetric","loess","0.2","31,220","52,176","91,180","percent_thresh","20","0.1","TRUE","TRUE","TRUE","TRUE","0.75","1.25","0.85","1.15","1.05","FALSE","TRUE","2002,2024","CS_V02,CSS_V02,ESS_V02,GB_V02,HL2,LS_V02,P5,WSS_V02","custom","",NA
"2024-02-13-093001",FALSE,"CSS_V02",2016,0.76590834,0.49396863,0.722976103,86,97,95,104,18,4.280628297,3.709432534,0.932493045,0.319966765,1,1.924905191,3.990764688,4.975781677,-0.008970947,0,0.323401503,"atlantic","modisaquar2022.0_chlpoly4","full","small","small","2023","1","FALSE","1","20","sd3","average","","","gauss","symmetric","loess","0.2","31,220","52,176","91,180","percent_thresh","20","0.1","TRUE","TRUE","TRUE","TRUE","0.75","1.25","0.85","1.15","1.05","FALSE","TRUE","2002,2024","CS_V02,CSS_V02,ESS_V02,GB_V02,HL2,LS_V02,P5,WSS_V02","custom","",NA
"2024-02-13-093001",FALSE,"CSS_V02",2017,0.596453741,0.407134232,0.426542716,79,98,94,109,30,16.61627317,16.03882497,1.704982325,0.852781353,1,1.000162078,17.0681755,7.984715931,-0.003716237,0,0.125799613,"atlantic","modisaquar2022.0_chlpoly4","full","small","small","2023","1","FALSE","1","20","sd3","average","","","gauss","symmetric","loess","0.2","31,220","52,176","91,180","percent_thresh","20","0.1","TRUE","TRUE","TRUE","TRUE","0.75","1.25","0.85","1.15","1.05","FALSE","TRUE","2002,2024","CS_V02,CSS_V02,ESS_V02,GB_V02,HL2,LS_V02,P5,WSS_V02","custom","",NA
"2024-02-13-093001",FALSE,"CSS_V02",2018,0.642928214,0.328404006,0.858947726,81,101,94,107,26,35.95513453,44.74056849,3.734247405,2.774149212,12,0.867347069,47.42740206,6.820395908,-0.003548976,0,0.184865669,"atlantic","modisaquar2022.0_chlpoly4","full","small","small","2023","1","FALSE","1","20","sd3","average","","","gauss","symmetric","loess","0.2","31,220","52,176","91,180","percent_thresh","20","0.1","TRUE","TRUE","TRUE","TRUE","0.75","1.25","0.85","1.15","1.05","FALSE","TRUE","2002,2024","CS_V02,CSS_V02,ESS_V02,GB_V02,HL2,LS_V02,P5,WSS_V02","custom","",NA
"2024-02-13-093001",FALSE,"CSS_V02",2019,1.059872381,0.478578861,2.008050767,77,86,92,107,30,80.53011495,82.43862525,14.43609746,4.383262809,1,0.517578981,87.72930374,7.984674891,-0.001007618,0,0.182535906,"atlantic","modisaquar2022.0_chlpoly4","full","small","small","2023","1","FALSE","1","20","sd3","average","","","gauss","symmetric","loess","0.2","31,220","52,176","91,180","percent_thresh","20","0.1","TRUE","TRUE","TRUE","TRUE","0.75","1.25","0.85","1.15","1.05","FALSE","TRUE","2002,2024","CS_V02,CSS_V02,ESS_V02,GB_V02,HL2,LS_V02,P5,WSS_V02","custom","",NA
"2024-02-13-093001",FALSE,"CSS_V02",2020,0.83236703,0.661292634,0.73719768,138,143,143,148,10,0.991855664,1.325041723,0.580947891,0.218619683,12,1.47487908,1.393785723,2.543412587,-0.005251939,0,0.218470816,"atlantic","modisaquar2022.0_chlpoly4","full","small","small","2023","1","FALSE","1","20","sd3","average","","","gauss","symmetric","loess","0.2","31,220","52,176","91,180","percent_thresh","20","0.1","TRUE","TRUE","TRUE","TRUE","0.75","1.25","0.85","1.15","1.05","FALSE","TRUE","2002,2024","CS_V02,CSS_V02,ESS_V02,GB_V02,HL2,LS_V02,P5,WSS_V02","custom","",NA
"2024-02-13-093001",FALSE,"CSS_V02",2021,1.483298609,0.65104418,1.649023462,75,89,91,107,32,26.53418672,50.4212822,5.783523783,2.446563509,125,2.584560722,54.24412319,8.845171656,-0.01169526,0,0.342834576,"atlantic","modisaquar2022.0_chlpoly4","full","small","small","2023","1","FALSE","1","20","sd3","average","","","gauss","symmetric","loess","0.2","31,220","52,176","91,180","percent_thresh","20","0.1","TRUE","TRUE","TRUE","TRUE","0.75","1.25","0.85","1.15","1.05","FALSE","TRUE","2002,2024","CS_V02,CSS_V02,ESS_V02,GB_V02,HL2,LS_V02,P5,WSS_V02","custom","",NA
"2024-02-13-093001",FALSE,"CSS_V02",2022,1.338893928,0.457204473,2.347352755,NA,NA,NA,NA,NA,NA,NA,NA,NA,NA,NA,NA,NA,NA,2,NA,"atlantic","modisaquar2022.0_chlpoly4","full","small","small","2023","1","FALSE","1","20","sd3","average","","","gauss","symmetric","loess","0.2","31,220","52,176","91,180","percent_thresh","20","0.1","TRUE","TRUE","TRUE","TRUE","0.75","1.25","0.85","1.15","1.05","FALSE","TRUE","2002,2024","CS_V02,CSS_V02,ESS_V02,GB_V02,HL2,LS_V02,P5,WSS_V02","custom","",NA
"2024-02-13-093001",FALSE,"CSS_V02",2023,1.032385323,0.83392251,1.022064999,85,98,95,105,20,7.869338368,8.791756035,2.437910129,0.726963561,1,1.65893215,9.241187917,5.071369157,-0.00622043,0,0.235346452,"atlantic","modisaquar2022.0_chlpoly4","full","small","small","2023","1","FALSE","1","20","sd3","average","","","gauss","symmetric","loess","0.2","31,220","52,176","91,180","percent_thresh","20","0.1","TRUE","TRUE","TRUE","TRUE","0.75","1.25","0.85","1.15","1.05","FALSE","TRUE","2002,2024","CS_V02,CSS_V02,ESS_V02,GB_V02,HL2,LS_V02,P5,WSS_V02","custom","",NA
"2024-02-13-093001",FALSE,"ESS_V02",2003,1.317626905,0.497298415,1.81932166,94,110,109,124,30,70.84592607,88.09654164,8.922770117,4.754658051,12,0.994359011,93.24519496,7.823790967,-0.004062692,0,0.274649205,"atlantic","modisaquar2022.0_chlpoly4","full","small","small","2023","1","FALSE","1","20","sd3","average","","","gauss","symmetric","loess","0.2","31,220","52,176","91,180","percent_thresh","20","0.1","TRUE","TRUE","TRUE","TRUE","0.75","1.25","0.85","1.15","1.05","FALSE","TRUE","2002,2024","CS_V02,CSS_V02,ESS_V02,GB_V02,HL2,LS_V02,P5,WSS_V02","custom","",NA
"2024-02-13-093001",FALSE,"ESS_V02",2004,1.107247651,0.471747165,2.095992539,90,102,104,118,28,110.5492733,101.2586818,12.55179728,5.658112691,1,0.766811881,108.5842974,7.656062999,-0.002418843,0,0.18631153,"atlantic","modisaquar2022.0_chlpoly4","full","small","small","2023","1","FALSE","1","20","sd3","average","","","gauss","symmetric","loess","0.2","31,220","52,176","91,180","percent_thresh","20","0.1","TRUE","TRUE","TRUE","TRUE","0.75","1.25","0.85","1.15","1.05","FALSE","TRUE","2002,2024","CS_V02,CSS_V02,ESS_V02,GB_V02,HL2,LS_V02,P5,WSS_V02","custom","",NA
"2024-02-13-093001",FALSE,"ESS_V02",2005,0.72401949,0.466509403,0.825475905,76,92,92,108,32,48.64684094,42.88037025,5.14044204,2.16341004,1,0.510969243,45.43221441,8.377899187,-0.000548422,0,0.19129753,"atlantic","modisaquar2022.0_chlpoly4","full","small","small","2023","1","FALSE","1","20","sd3","average","","","gauss","symmetric","loess","0.2","31,220","52,176","91,180","percent_thresh","20","0.1","TRUE","TRUE","TRUE","TRUE","0.75","1.25","0.85","1.15","1.05","FALSE","TRUE","2002,2024","CS_V02,CSS_V02,ESS_V02,GB_V02,HL2,LS_V02,P5,WSS_V02","custom","",NA
"2024-02-13-093001",FALSE,"ESS_V02",2006,1.353805108,0.663758735,2.782204234,91,102,104,117,26,63.16770178,116.9557771,19.79750728,7.123678562,12,0.960992756,124.8060479,6.98942392,-0.002413421,0,0.289299268,"atlantic","modisaquar2022.0_chlpoly4","full","small","small","2023","1","FALSE","1","20","sd3","average","","","gauss","symmetric","loess","0.2","31,220","52,176","91,180","percent_thresh","20","0.1","TRUE","TRUE","TRUE","TRUE","0.75","1.25","0.85","1.15","1.05","FALSE","TRUE","2002,2024","CS_V02,CSS_V02,ESS_V02,GB_V02,HL2,LS_V02,P5,WSS_V02","custom","",NA
"2024-02-13-093001",FALSE,"ESS_V02",2007,1.493469504,0.589432464,1.831585669,72,89,94,116,44,121.9615085,129.3618622,9.181805307,4.551624716,1,0.079827446,139.3490868,12.21371399,0.002357096,0,0.243929023,"atlantic","modisaquar2022.0_chlpoly4","full","small","small","2023","1","FALSE","1","20","sd3","average","","","gauss","symmetric","loess","0.2","31,220","52,176","91,180","percent_thresh","20","0.1","TRUE","TRUE","TRUE","TRUE","0.75","1.25","0.85","1.15","1.05","FALSE","TRUE","2002,2024","CS_V02,CSS_V02,ESS_V02,GB_V02,HL2,LS_V02,P5,WSS_V02","custom","",NA
"2024-02-13-093001",FALSE,"ESS_V02",2008,1.478817821,0.648837483,2.538392107,93,97,104,115,22,70.0032419,65.07044692,11.80384174,4.621127712,1,0.659925697,69.81900886,6.027479945,-0.001172362,0,0.239040577,"atlantic","modisaquar2022.0_chlpoly4","full","small","small","2023","1","FALSE","1","20","sd3","average","","","gauss","symmetric","loess","0.2","31,220","52,176","91,180","percent_thresh","20","0.1","TRUE","TRUE","TRUE","TRUE","0.75","1.25","0.85","1.15","1.05","FALSE","TRUE","2002,2024","CS_V02,CSS_V02,ESS_V02,GB_V02,HL2,LS_V02,P5,WSS_V02","custom","",NA
"2024-02-13-093001",FALSE,"ESS_V02",2009,0.678356383,0.425258143,0.548948509,89,98,101,113,24,21.34677933,21.62509546,2.122629776,1.476714918,1,0.877059686,22.79578819,6.158401744,-0.003326979,0,0.161213793,"atlantic","modisaquar2022.0_chlpoly4","full","small","small","2023","1","FALSE","1","20","sd3","average","","","gauss","symmetric","loess","0.2","31,220","52,176","91,180","percent_thresh","20","0.1","TRUE","TRUE","TRUE","TRUE","0.75","1.25","0.85","1.15","1.05","FALSE","TRUE","2002,2024","CS_V02,CSS_V02,ESS_V02,GB_V02,HL2,LS_V02,P5,WSS_V02","custom","",NA
"2024-02-13-093001",FALSE,"ESS_V02",2010,1.480277507,0.655000713,3.128747592,70,79,91,112,42,137.421894,137.9432845,22.67414556,5.072696391,15,0.02912716,148.7485223,11.69832967,0.003821678,0,0.302423559,"atlantic","modisaquar2022.0_chlpoly4","full","small","small","2023","1","FALSE","1","20","sd3","average","","","gauss","symmetric","loess","0.2","31,220","52,176","91,180","percent_thresh","20","0.1","TRUE","TRUE","TRUE","TRUE","0.75","1.25","0.85","1.15","1.05","FALSE","TRUE","2002,2024","CS_V02,CSS_V02,ESS_V02,GB_V02,HL2,LS_V02,P5,WSS_V02","custom","",NA
"2024-02-13-093001",FALSE,"ESS_V02",2011,1.887982566,0.67498393,3.780899841,92,100,99,106,14,67.89135904,78.36284186,22.34571314,9.473959817,12,1.068048329,81.81321995,3.445101432,-0.002668142,0,0.222555476,"atlantic","modisaquar2022.0_chlpoly4","full","small","small","2023","1","FALSE","1","20","sd3","average","","","gauss","symmetric","loess","0.2","31,220","52,176","91,180","percent_thresh","20","0.1","TRUE","TRUE","TRUE","TRUE","0.75","1.25","0.85","1.15","1.05","FALSE","TRUE","2002,2024","CS_V02,CSS_V02,ESS_V02,GB_V02,HL2,LS_V02,P5,WSS_V02","custom","",NA
"2024-02-13-093001",FALSE,"ESS_V02",2012,1.335329014,0.501159648,2.84689375,78,85,91,104,26,136.6372661,85.62666332,20.59122005,5.159226406,125,0.619871865,91.77299374,7.096437435,-0.001287591,0,0.2042943,"atlantic","modisaquar2022.0_chlpoly4","full","small","small","2023","1","FALSE","1","20","sd3","average","","","gauss","symmetric","loess","0.2","31,220","52,176","91,180","percent_thresh","20","0.1","TRUE","TRUE","TRUE","TRUE","0.75","1.25","0.85","1.15","1.05","FALSE","TRUE","2002,2024","CS_V02,CSS_V02,ESS_V02,GB_V02,HL2,LS_V02,P5,WSS_V02","custom","",NA
"2024-02-13-093001",FALSE,"ESS_V02",2013,1.174239982,0.468052651,2.788421006,105,112,113,121,16,144.8521241,143.2320573,18.42202608,14.32003486,NA,0.610637757,152.2625746,4.241887629,-0.001274789,0,0.19928948,"atlantic","modisaquar2022.0_chlpoly4","full","small","small","2023","1","FALSE","1","20","sd3","average","","","gauss","symmetric","loess","0.2","31,220","52,176","91,180","percent_thresh","20","0.1","TRUE","TRUE","TRUE","TRUE","0.75","1.25","0.85","1.15","1.05","FALSE","TRUE","2002,2024","CS_V02,CSS_V02,ESS_V02,GB_V02,HL2,LS_V02,P5,WSS_V02","custom","",NA
"2024-02-13-093001",FALSE,"ESS_V02",2014,0.8858849,0.630209761,0.793039246,93,108,107,121,28,41.62118491,42.1495491,3.94539905,2.337540883,1,1.023594934,45.34380817,7.738714803,-0.003045028,0,0.231014556,"atlantic","modisaquar2022.0_chlpoly4","full","small","small","2023","1","FALSE","1","20","sd3","average","","","gauss","symmetric","loess","0.2","31,220","52,176","91,180","percent_thresh","20","0.1","TRUE","TRUE","TRUE","TRUE","0.75","1.25","0.85","1.15","1.05","FALSE","TRUE","2002,2024","CS_V02,CSS_V02,ESS_V02,GB_V02,HL2,LS_V02,P5,WSS_V02","custom","",NA
"2024-02-13-093001",FALSE,"ESS_V02",2015,0.86119186,0.527770765,0.819575947,87,109,105,123,36,44.50039423,43.5064967,3.545542153,1.929713363,1,0.672496172,46.28051659,9.567874264,-0.001695376,0,0.143138715,"atlantic","modisaquar2022.0_chlpoly4","full","small","small","2023","1","FALSE","1","20","sd3","average","","","gauss","symmetric","loess","0.2","31,220","52,176","91,180","percent_thresh","20","0.1","TRUE","TRUE","TRUE","TRUE","0.75","1.25","0.85","1.15","1.05","FALSE","TRUE","2002,2024","CS_V02,CSS_V02,ESS_V02,GB_V02,HL2,LS_V02,P5,WSS_V02","custom","",NA
"2024-02-13-093001",FALSE,"ESS_V02",2016,0.724571934,0.429452796,0.863860068,75,90,91,107,32,66.37545616,67.57364486,5.267856361,3.283530776,15,0.777800117,72.65205911,8.82707674,-0.002156916,0,0.145935357,"atlantic","modisaquar2022.0_chlpoly4","full","small","small","2023","1","FALSE","1","20","sd3","average","","","gauss","symmetric","loess","0.2","31,220","52,176","91,180","percent_thresh","20","0.1","TRUE","TRUE","TRUE","TRUE","0.75","1.25","0.85","1.15","1.05","FALSE","TRUE","2002,2024","CS_V02,CSS_V02,ESS_V02,GB_V02,HL2,LS_V02,P5,WSS_V02","custom","",NA
"2024-02-13-093001",FALSE,"ESS_V02",2017,0.857675704,0.537426644,0.876021091,89,100,105,121,32,44.77739993,54.07636678,3.604834098,2.614591168,12,0.71460724,58.26703811,8.890562067,-0.001518942,0,0.181779018,"atlantic","modisaquar2022.0_chlpoly4","full","small","small","2023","1","FALSE","1","20","sd3","average","","","gauss","symmetric","loess","0.2","31,220","52,176","91,180","percent_thresh","20","0.1","TRUE","TRUE","TRUE","TRUE","0.75","1.25","0.85","1.15","1.05","FALSE","TRUE","2002,2024","CS_V02,CSS_V02,ESS_V02,GB_V02,HL2,LS_V02,P5,WSS_V02","custom","",NA
"2024-02-13-093001",FALSE,"ESS_V02",2018,0.940860391,0.421550287,1.52158836,84,100,97,110,26,92.21438945,110.7950646,7.542788328,6.714014738,2,0.841718042,118.4713793,7.039490391,-0.002795056,0,0.201074578,"atlantic","modisaquar2022.0_chlpoly4","full","small","small","2023","1","FALSE","1","20","sd3","average","","","gauss","symmetric","loess","0.2","31,220","52,176","91,180","percent_thresh","20","0.1","TRUE","TRUE","TRUE","TRUE","0.75","1.25","0.85","1.15","1.05","FALSE","TRUE","2002,2024","CS_V02,CSS_V02,ESS_V02,GB_V02,HL2,LS_V02,P5,WSS_V02","custom","",NA
"2024-02-13-093001",FALSE,"ESS_V02",2019,1.036130832,0.431912879,1.342535941,78,92,93,108,30,89.10563003,84.73926762,5.764312703,4.435995919,NA,0.493974101,90.72925668,8.159551366,-0.000837533,0,0.139419446,"atlantic","modisaquar2022.0_chlpoly4","full","small","small","2023","1","FALSE","1","20","sd3","average","","","gauss","symmetric","loess","0.2","31,220","52,176","91,180","percent_thresh","20","0.1","TRUE","TRUE","TRUE","TRUE","0.75","1.25","0.85","1.15","1.05","FALSE","TRUE","2002,2024","CS_V02,CSS_V02,ESS_V02,GB_V02,HL2,LS_V02,P5,WSS_V02","custom","",NA
"2024-02-13-093001",FALSE,"ESS_V02",2020,0.778634716,0.488235059,0.846805819,94,108,106,118,24,39.22277392,40.5830638,4.434904696,2.771368328,1,0.768444057,42.77971625,6.158198959,-0.002289483,0,0.155307038,"atlantic","modisaquar2022.0_chlpoly4","full","small","small","2023","1","FALSE","1","20","sd3","average","","","gauss","symmetric","loess","0.2","31,220","52,176","91,180","percent_thresh","20","0.1","TRUE","TRUE","TRUE","TRUE","0.75","1.25","0.85","1.15","1.05","FALSE","TRUE","2002,2024","CS_V02,CSS_V02,ESS_V02,GB_V02,HL2,LS_V02,P5,WSS_V02","custom","",NA
"2024-02-13-093001",FALSE,"ESS_V02",2021,1.3205045,0.656239807,1.874595292,83,100,97,111,28,124.4540871,108.2666713,9.223349343,6.112303307,1,0.880571757,115.6159835,7.546108525,-0.00172219,0,0.197869441,"atlantic","modisaquar2022.0_chlpoly4","full","small","small","2023","1","FALSE","1","20","sd3","average","","","gauss","symmetric","loess","0.2","31,220","52,176","91,180","percent_thresh","20","0.1","TRUE","TRUE","TRUE","TRUE","0.75","1.25","0.85","1.15","1.05","FALSE","TRUE","2002,2024","CS_V02,CSS_V02,ESS_V02,GB_V02,HL2,LS_V02,P5,WSS_V02","custom","",NA
"2024-02-13-093001",FALSE,"ESS_V02",2022,0.832339555,0.517821894,0.712208902,103,116,113,123,20,14.22806608,20.48266023,2.582860388,1.584254406,12,2.050221663,22.07171791,5.558035023,-0.009061098,0,0.30821544,"atlantic","modisaquar2022.0_chlpoly4","full","small","small","2023","1","FALSE","1","20","sd3","average","","","gauss","symmetric","loess","0.2","31,220","52,176","91,180","percent_thresh","20","0.1","TRUE","TRUE","TRUE","TRUE","0.75","1.25","0.85","1.15","1.05","FALSE","TRUE","2002,2024","CS_V02,CSS_V02,ESS_V02,GB_V02,HL2,LS_V02,P5,WSS_V02","custom","",NA
"2024-02-13-093001",FALSE,"ESS_V02",2023,0.878630212,0.650960897,0.668105224,95,109,109,123,28,26.21846767,27.57494978,2.386342785,1.550675767,1,1.148649707,29.49284315,7.587622346,-0.003992892,0,0.172453703,"atlantic","modisaquar2022.0_chlpoly4","full","small","small","2023","1","FALSE","1","20","sd3","average","","","gauss","symmetric","loess","0.2","31,220","52,176","91,180","percent_thresh","20","0.1","TRUE","TRUE","TRUE","TRUE","0.75","1.25","0.85","1.15","1.05","FALSE","TRUE","2002,2024","CS_V02,CSS_V02,ESS_V02,GB_V02,HL2,LS_V02,P5,WSS_V02","custom","",NA
"2024-02-13-093001",FALSE,"GB_V02",2003,4.350128063,2.818463408,5.284021839,96,118,113,130,34,220.3947465,317.3814023,25.58163882,14.87445505,12,1.35101917,337.8818301,9.062204118,0.01,0,0.185208927,"atlantic","modisaquar2022.0_chlpoly4","full","small","small","2023","1","FALSE","1","20","sd3","average","","","gauss","symmetric","loess","0.2","31,220","52,176","91,180","percent_thresh","20","0.1","TRUE","TRUE","TRUE","TRUE","0.75","1.25","0.85","1.15","1.05","FALSE","TRUE","2002,2024","CS_V02,CSS_V02,ESS_V02,GB_V02,HL2,LS_V02,P5,WSS_V02","custom","",NA
"2024-02-13-093001",FALSE,"GB_V02",2004,5.55381494,3.020074506,6.268972287,65,75,91,117,52,426.4108515,327.644454,29.72957224,9.951944187,125,3.801288348,350,14.03040406,-0.000938863,0,0.254978262,"atlantic","modisaquar2022.0_chlpoly4","full","small","small","2023","1","FALSE","1","20","sd3","average","","","gauss","symmetric","loess","0.2","31,220","52,176","91,180","percent_thresh","20","0.1","TRUE","TRUE","TRUE","TRUE","0.75","1.25","0.85","1.15","1.05","FALSE","TRUE","2002,2024","CS_V02,CSS_V02,ESS_V02,GB_V02,HL2,LS_V02,P5,WSS_V02","custom","",NA
"2024-02-13-093001",FALSE,"GB_V02",2005,3.214065814,2.816264637,1.83819567,82,106,98,114,32,64.92049762,71.56944666,9.449352712,3.557094364,1,2.070213239,76.24700481,8.551404844,0.004343698,0,0.198145959,"atlantic","modisaquar2022.0_chlpoly4","full","small","small","2023","1","FALSE","1","20","sd3","average","","","gauss","symmetric","loess","0.2","31,220","52,176","91,180","percent_thresh","20","0.1","TRUE","TRUE","TRUE","TRUE","0.75","1.25","0.85","1.15","1.05","FALSE","TRUE","2002,2024","CS_V02,CSS_V02,ESS_V02,GB_V02,HL2,LS_V02,P5,WSS_V02","custom","",NA
"2024-02-13-093001",FALSE,"GB_V02",2006,4.0661224,2.960241381,2.861592529,77,89,91,105,28,86.98080341,80.71473842,10.58505155,4.68955118,15,2.790001543,85.29351731,7.255958831,0.003728914,0,0.221488379,"atlantic","modisaquar2022.0_chlpoly4","full","small","small","2023","1","FALSE","1","20","sd3","average","","","gauss","symmetric","loess","0.2","31,220","52,176","91,180","percent_thresh","20","0.1","TRUE","TRUE","TRUE","TRUE","0.75","1.25","0.85","1.15","1.05","FALSE","TRUE","2002,2024","CS_V02,CSS_V02,ESS_V02,GB_V02,HL2,LS_V02,P5,WSS_V02","custom","",NA
"2024-02-13-093001",FALSE,"GB_V02",2007,3.512912236,3.053166337,1.868214388,78,113,101,124,46,84.62277986,97.43962026,10.06391356,3.317462516,12,2.545513818,104.4458988,12.56016755,0.002846488,0,0.164569801,"atlantic","modisaquar2022.0_chlpoly4","full","small","small","2023","1","FALSE","1","20","sd3","average","","","gauss","symmetric","loess","0.2","31,220","52,176","91,180","percent_thresh","20","0.1","TRUE","TRUE","TRUE","TRUE","0.75","1.25","0.85","1.15","1.05","FALSE","TRUE","2002,2024","CS_V02,CSS_V02,ESS_V02,GB_V02,HL2,LS_V02,P5,WSS_V02","custom","",NA
"2024-02-13-093001",FALSE,"GB_V02",2008,3.713702637,3.00259545,2.296766126,75,93,91,107,32,109.0174316,124.9835925,9.984294057,6.266813751,15,3.727115245,132.7153587,8.448594447,-0.004930256,0,0.180184467,"atlantic","modisaquar2022.0_chlpoly4","full","small","small","2023","1","FALSE","1","20","sd3","average","","","gauss","symmetric","loess","0.2","31,220","52,176","91,180","percent_thresh","20","0.1","TRUE","TRUE","TRUE","TRUE","0.75","1.25","0.85","1.15","1.05","FALSE","TRUE","2002,2024","CS_V02,CSS_V02,ESS_V02,GB_V02,HL2,LS_V02,P5,WSS_V02","custom","",NA
"2024-02-13-093001",FALSE,"GB_V02",2009,8.047121834,3.935056639,7.896792553,73,104,92,111,38,443.0356205,327.0815842,24.56002977,13.53682087,12,5,350,10.31481465,-0.002749701,0,0.288417526,"atlantic","modisaquar2022.0_chlpoly4","full","small","small","2023","1","FALSE","1","20","sd3","average","","","gauss","symmetric","loess","0.2","31,220","52,176","91,180","percent_thresh","20","0.1","TRUE","TRUE","TRUE","TRUE","0.75","1.25","0.85","1.15","1.05","FALSE","TRUE","2002,2024","CS_V02,CSS_V02,ESS_V02,GB_V02,HL2,LS_V02,P5,WSS_V02","custom","",NA
"2024-02-13-093001",FALSE,"GB_V02",2010,5.077133909,3.270340163,7.453790816,104,114,114,124,20,337.5235982,331.0305829,45.68243455,26.88302989,1,2.497648937,350,5.193975483,0.003312428,0,0.151058284,"atlantic","modisaquar2022.0_chlpoly4","full","small","small","2023","1","FALSE","1","20","sd3","average","","","gauss","symmetric","loess","0.2","31,220","52,176","91,180","percent_thresh","20","0.1","TRUE","TRUE","TRUE","TRUE","0.75","1.25","0.85","1.15","1.05","FALSE","TRUE","2002,2024","CS_V02,CSS_V02,ESS_V02,GB_V02,HL2,LS_V02,P5,WSS_V02","custom","",NA
"2024-02-13-093001",FALSE,"GB_V02",2011,5.315439919,2.568722437,6.364927688,84,99,100,116,32,363.3538701,329.5536576,23.75241614,16.51649128,1,2.90847253,350,8.453962512,-0.00181393,0,0.18036889,"atlantic","modisaquar2022.0_chlpoly4","full","small","small","2023","1","FALSE","1","20","sd3","average","","","gauss","symmetric","loess","0.2","31,220","52,176","91,180","percent_thresh","20","0.1","TRUE","TRUE","TRUE","TRUE","0.75","1.25","0.85","1.15","1.05","FALSE","TRUE","2002,2024","CS_V02,CSS_V02,ESS_V02,GB_V02,HL2,LS_V02,P5,WSS_V02","custom","",NA
"2024-02-13-093001",FALSE,"GB_V02",2012,3.566641191,3.121513214,1.813850498,90,104,99,108,18,49.69407407,45.78077606,8.045838247,4.156626077,1,2.534532915,48.30360863,4.636056125,0.005886812,0,0.165143872,"atlantic","modisaquar2022.0_chlpoly4","full","small","small","2023","1","FALSE","1","20","sd3","average","","","gauss","symmetric","loess","0.2","31,220","52,176","91,180","percent_thresh","20","0.1","TRUE","TRUE","TRUE","TRUE","0.75","1.25","0.85","1.15","1.05","FALSE","TRUE","2002,2024","CS_V02,CSS_V02,ESS_V02,GB_V02,HL2,LS_V02,P5,WSS_V02","custom","",NA
"2024-02-13-093001",FALSE,"GB_V02",2013,3.712689634,3.148277926,2.646215657,117,124,126,135,18,70.19870576,82.52020705,12.057615,7.280266566,12,3.9151385,87.96455697,4.820260445,-0.00782991,0,0.13433693,"atlantic","modisaquar2022.0_chlpoly4","full","small","small","2023","1","FALSE","1","20","sd3","average","","","gauss","symmetric","loess","0.2","31,220","52,176","91,180","percent_thresh","20","0.1","TRUE","TRUE","TRUE","TRUE","0.75","1.25","0.85","1.15","1.05","FALSE","TRUE","2002,2024","CS_V02,CSS_V02,ESS_V02,GB_V02,HL2,LS_V02,P5,WSS_V02","custom","",NA
"2024-02-13-093001",FALSE,"GB_V02",2014,5.813115467,4.432144323,5.233509608,65,104,91,117,52,272.875029,250.3828351,23.17237448,7.51627798,15,5,268.7549166,14.2647331,-0.008095306,0,0.268157527,"atlantic","modisaquar2022.0_chlpoly4","full","small","small","2023","1","FALSE","1","20","sd3","average","","","gauss","symmetric","loess","0.2","31,220","52,176","91,180","percent_thresh","20","0.1","TRUE","TRUE","TRUE","TRUE","0.75","1.25","0.85","1.15","1.05","FALSE","TRUE","2002,2024","CS_V02,CSS_V02,ESS_V02,GB_V02,HL2,LS_V02,P5,WSS_V02","custom","",NA
"2024-02-13-093001",FALSE,"GB_V02",2015,4.205620053,3.170422078,3.652520969,70,103,91,112,42,160.6801839,190.4498824,19.21881533,7.019822124,125,5,205.1571137,11.65924796,-0.012000372,0,0.224047103,"atlantic","modisaquar2022.0_chlpoly4","full","small","small","2023","1","FALSE","1","20","sd3","average","","","gauss","symmetric","loess","0.2","31,220","52,176","91,180","percent_thresh","20","0.1","TRUE","TRUE","TRUE","TRUE","0.75","1.25","0.85","1.15","1.05","FALSE","TRUE","2002,2024","CS_V02,CSS_V02,ESS_V02,GB_V02,HL2,LS_V02,P5,WSS_V02","custom","",NA
"2024-02-13-093001",FALSE,"GB_V02",2016,5.388542252,4.011276546,6.476596169,75,83,91,107,32,291.178243,330.4709234,46.01933013,16.69163646,15,5,350,8.365255165,-0.006649109,0,0.195564943,"atlantic","modisaquar2022.0_chlpoly4","full","small","small","2023","1","FALSE","1","20","sd3","average","","","gauss","symmetric","loess","0.2","31,220","52,176","91,180","percent_thresh","20","0.1","TRUE","TRUE","TRUE","TRUE","0.75","1.25","0.85","1.15","1.05","FALSE","TRUE","2002,2024","CS_V02,CSS_V02,ESS_V02,GB_V02,HL2,LS_V02,P5,WSS_V02","custom","",NA
"2024-02-13-093001",FALSE,"GB_V02",2017,3.596715107,2.956952791,2.026337235,103,124,116,129,26,60.48688881,71.82286321,5.201757997,4.363580793,2,4.92318751,76.72025582,7.014182907,-0.0125492,0,0.195882024,"atlantic","modisaquar2022.0_chlpoly4","full","small","small","2023","1","FALSE","1","20","sd3","average","","","gauss","symmetric","loess","0.2","31,220","52,176","91,180","percent_thresh","20","0.1","TRUE","TRUE","TRUE","TRUE","0.75","1.25","0.85","1.15","1.05","FALSE","TRUE","2002,2024","CS_V02,CSS_V02,ESS_V02,GB_V02,HL2,LS_V02,P5,WSS_V02","custom","",NA
"2024-02-13-093001",FALSE,"GB_V02",2018,4.218694256,3.503129015,2.809805757,83,95,94,105,22,141.4135478,108.9177468,16.29709536,7.800282059,12,3.522215479,116.4640887,5.956508849,0.001438384,0,0.156056021,"atlantic","modisaquar2022.0_chlpoly4","full","small","small","2023","1","FALSE","1","20","sd3","average","","","gauss","symmetric","loess","0.2","31,220","52,176","91,180","percent_thresh","20","0.1","TRUE","TRUE","TRUE","TRUE","0.75","1.25","0.85","1.15","1.05","FALSE","TRUE","2002,2024","CS_V02,CSS_V02,ESS_V02,GB_V02,HL2,LS_V02,P5,WSS_V02","custom","",NA
"2024-02-13-093001",FALSE,"GB_V02",2019,3.293499553,2.747406178,1.772318931,78,92,91,104,26,49.60403648,54.74740252,9.746717356,3.351832595,15,2.939708449,58.30637409,6.939749281,-0.000707256,0,0.16681403,"atlantic","modisaquar2022.0_chlpoly4","full","small","small","2023","1","FALSE","1","20","sd3","average","","","gauss","symmetric","loess","0.2","31,220","52,176","91,180","percent_thresh","20","0.1","TRUE","TRUE","TRUE","TRUE","0.75","1.25","0.85","1.15","1.05","FALSE","TRUE","2002,2024","CS_V02,CSS_V02,ESS_V02,GB_V02,HL2,LS_V02,P5,WSS_V02","custom","",NA
"2024-02-13-093001",FALSE,"GB_V02",2020,3.689747413,3.634572629,1.07927939,NA,NA,NA,NA,NA,NA,NA,NA,NA,NA,NA,NA,NA,NA,5,NA,"atlantic","modisaquar2022.0_chlpoly4","full","small","small","2023","1","FALSE","1","20","sd3","average","","","gauss","symmetric","loess","0.2","31,220","52,176","91,180","percent_thresh","20","0.1","TRUE","TRUE","TRUE","TRUE","0.75","1.25","0.85","1.15","1.05","FALSE","TRUE","2002,2024","CS_V02,CSS_V02,ESS_V02,GB_V02,HL2,LS_V02,P5,WSS_V02","custom","",NA
"2024-02-13-093001",FALSE,"GB_V02",2021,2.703951808,2.57418611,1.039053194,132,144,142,152,20,15.49243396,15.25756443,1.638186488,1.241009695,NA,3.591002874,16.12330177,5.183091478,-0.007003664,0,0.172112907,"atlantic","modisaquar2022.0_chlpoly4","full","small","small","2023","1","FALSE","1","20","sd3","average","","","gauss","symmetric","loess","0.2","31,220","52,176","91,180","percent_thresh","20","0.1","TRUE","TRUE","TRUE","TRUE","0.75","1.25","0.85","1.15","1.05","FALSE","TRUE","2002,2024","CS_V02,CSS_V02,ESS_V02,GB_V02,HL2,LS_V02,P5,WSS_V02","custom","",NA
"2024-02-13-093001",FALSE,"GB_V02",2022,3.553476613,3.348185595,1.618176168,94,138,119,144,50,83.5505723,69.09057155,3.426643926,2.182235974,12,3.654872056,73.80843631,13.49318141,-0.002459789,0,0.168618696,"atlantic","modisaquar2022.0_chlpoly4","full","small","small","2023","1","FALSE","1","20","sd3","average","","","gauss","symmetric","loess","0.2","31,220","52,176","91,180","percent_thresh","20","0.1","TRUE","TRUE","TRUE","TRUE","0.75","1.25","0.85","1.15","1.05","FALSE","TRUE","2002,2024","CS_V02,CSS_V02,ESS_V02,GB_V02,HL2,LS_V02,P5,WSS_V02","custom","",NA
"2024-02-13-093001",FALSE,"GB_V02",2023,4.202253399,3.419176851,2.710906539,124,136,132,140,16,44.9267929,27.58518306,10.98112205,2.854044105,12,3.645777585,28.98629224,4.051744507,0.00239631,0,0.213048749,"atlantic","modisaquar2022.0_chlpoly4","full","small","small","2023","1","FALSE","1","20","sd3","average","","","gauss","symmetric","loess","0.2","31,220","52,176","91,180","percent_thresh","20","0.1","TRUE","TRUE","TRUE","TRUE","0.75","1.25","0.85","1.15","1.05","FALSE","TRUE","2002,2024","CS_V02,CSS_V02,ESS_V02,GB_V02,HL2,LS_V02,P5,WSS_V02","custom","",NA
"2024-02-13-093001",FALSE,"HL2",2003,2.22392315,0.758958483,7.245429812,101,107,106,111,10,117.5266659,130.3823927,52.11096157,20.75093408,1,1.595764062,138.8671057,2.669757399,-0.007038179,0,0.386029749,"atlantic","modisaquar2022.0_chlpoly4","full","small","small","2023","1","FALSE","1","20","sd3","average","","","gauss","symmetric","loess","0.2","31,220","52,176","91,180","percent_thresh","20","0.1","TRUE","TRUE","TRUE","TRUE","0.75","1.25","0.85","1.15","1.05","FALSE","TRUE","2002,2024","CS_V02,CSS_V02,ESS_V02,GB_V02,HL2,LS_V02,P5,WSS_V02","custom","",NA
"2024-02-13-093001",FALSE,"HL2",2004,1.110850176,0.861373501,1.029214155,96,109,106,116,20,48.75864398,43.99846606,5.309154657,3.583594366,1,1.480617528,46.47365278,5.173661727,-0.005589392,0,0.160780827,"atlantic","modisaquar2022.0_chlpoly4","full","small","small","2023","1","FALSE","1","20","sd3","average","","","gauss","symmetric","loess","0.2","31,220","52,176","91,180","percent_thresh","20","0.1","TRUE","TRUE","TRUE","TRUE","0.75","1.25","0.85","1.15","1.05","FALSE","TRUE","2002,2024","CS_V02,CSS_V02,ESS_V02,GB_V02,HL2,LS_V02,P5,WSS_V02","custom","",NA
"2024-02-13-093001",FALSE,"HL2",2005,0.982408527,0.576644772,0.969039008,80,86,91,102,22,34.8378967,40.2933145,3.050866852,2.974342114,25,0.888820633,42.60428055,5.71442295,-0.000533363,0,0.302768497,"atlantic","modisaquar2022.0_chlpoly4","full","small","small","2023","1","FALSE","1","20","sd3","average","","","gauss","symmetric","loess","0.2","31,220","52,176","91,180","percent_thresh","20","0.1","TRUE","TRUE","TRUE","TRUE","0.75","1.25","0.85","1.15","1.05","FALSE","TRUE","2002,2024","CS_V02,CSS_V02,ESS_V02,GB_V02,HL2,LS_V02,P5,WSS_V02","custom","",NA
"2024-02-13-093001",FALSE,"HL2",2006,1.501599436,0.926577978,1.466240181,82,89,93,104,22,52.5989373,51.37377529,6.727963112,3.740045793,1,1.958084972,54.58800908,5.822780262,-0.007947749,0,0.23438157,"atlantic","modisaquar2022.0_chlpoly4","full","small","small","2023","1","FALSE","1","20","sd3","average","","","gauss","symmetric","loess","0.2","31,220","52,176","91,180","percent_thresh","20","0.1","TRUE","TRUE","TRUE","TRUE","0.75","1.25","0.85","1.15","1.05","FALSE","TRUE","2002,2024","CS_V02,CSS_V02,ESS_V02,GB_V02,HL2,LS_V02,P5,WSS_V02","custom","",NA
"2024-02-13-093001",FALSE,"HL2",2007,1.978585695,0.855283165,2.495982643,77,100,94,111,34,139.475797,154.4541655,9.307147364,7.014547118,NA,1.133963707,166.5713096,9.473503705,-0.003523841,0,0.234238412,"atlantic","modisaquar2022.0_chlpoly4","full","small","small","2023","1","FALSE","1","20","sd3","average","","","gauss","symmetric","loess","0.2","31,220","52,176","91,180","percent_thresh","20","0.1","TRUE","TRUE","TRUE","TRUE","0.75","1.25","0.85","1.15","1.05","FALSE","TRUE","2002,2024","CS_V02,CSS_V02,ESS_V02,GB_V02,HL2,LS_V02,P5,WSS_V02","custom","",NA
"2024-02-13-093001",FALSE,"HL2",2008,1.184938827,0.778569447,1.176636616,93,99,100,107,14,32.0501833,36.55983531,5.63789883,4.091688256,1,1.628942527,39.18123327,3.820195863,-0.006364976,0,0.225604525,"atlantic","modisaquar2022.0_chlpoly4","full","small","small","2023","1","FALSE","1","20","sd3","average","","","gauss","symmetric","loess","0.2","31,220","52,176","91,180","percent_thresh","20","0.1","TRUE","TRUE","TRUE","TRUE","0.75","1.25","0.85","1.15","1.05","FALSE","TRUE","2002,2024","CS_V02,CSS_V02,ESS_V02,GB_V02,HL2,LS_V02,P5,WSS_V02","custom","",NA
"2024-02-13-093001",FALSE,"HL2",2009,2.130491204,1.43386924,2.944205924,93,99,101,109,16,68.05651347,81.22609294,16.5396218,8.134072493,12,3.470674923,86.29532727,4.232425354,-0.018452199,0,0.39874704,"atlantic","modisaquar2022.0_chlpoly4","full","small","small","2023","1","FALSE","1","20","sd3","average","","","gauss","symmetric","loess","0.2","31,220","52,176","91,180","percent_thresh","20","0.1","TRUE","TRUE","TRUE","TRUE","0.75","1.25","0.85","1.15","1.05","FALSE","TRUE","2002,2024","CS_V02,CSS_V02,ESS_V02,GB_V02,HL2,LS_V02,P5,WSS_V02","custom","",NA
"2024-02-13-093001",FALSE,"HL2",2010,1.26651001,0.926268299,1.277380441,79,84,91,103,24,47.20740425,46.96830542,6.657755666,3.194289688,15,1.831523593,49.5773719,6.19183347,-0.006321447,0,0.291123458,"atlantic","modisaquar2022.0_chlpoly4","full","small","small","2023","1","FALSE","1","20","sd3","average","","","gauss","symmetric","loess","0.2","31,220","52,176","91,180","percent_thresh","20","0.1","TRUE","TRUE","TRUE","TRUE","0.75","1.25","0.85","1.15","1.05","FALSE","TRUE","2002,2024","CS_V02,CSS_V02,ESS_V02,GB_V02,HL2,LS_V02,P5,WSS_V02","custom","",NA
"2024-02-13-093001",FALSE,"HL2",2011,1.184613218,0.996028025,0.898861123,149,151,152,155,6,16.94127712,18.92291019,4.441729746,5.678129826,1,2.000005184,19.4750316,1.368305015,-0.007706532,0,0.197334067,"atlantic","modisaquar2022.0_chlpoly4","full","small","small","2023","1","FALSE","1","20","sd3","average","","","gauss","symmetric","loess","0.2","31,220","52,176","91,180","percent_thresh","20","0.1","TRUE","TRUE","TRUE","TRUE","0.75","1.25","0.85","1.15","1.05","FALSE","TRUE","2002,2024","CS_V02,CSS_V02,ESS_V02,GB_V02,HL2,LS_V02,P5,WSS_V02","custom","",NA
"2024-02-13-093001",FALSE,"HL2",2012,1.112404909,0.539481817,1.654560059,78,91,91,104,26,64.38957831,67.53565393,8.166527309,4.159485326,15,1.008214412,71.7658265,6.883164678,-0.002902707,0,0.216315261,"atlantic","modisaquar2022.0_chlpoly4","full","small","small","2023","1","FALSE","1","20","sd3","average","","","gauss","symmetric","loess","0.2","31,220","52,176","91,180","percent_thresh","20","0.1","TRUE","TRUE","TRUE","TRUE","0.75","1.25","0.85","1.15","1.05","FALSE","TRUE","2002,2024","CS_V02,CSS_V02,ESS_V02,GB_V02,HL2,LS_V02,P5,WSS_V02","custom","",NA
"2024-02-13-093001",FALSE,"HL2",2013,1.24008944,0.849656915,2.143220604,94,101,102,110,16,76.34036756,70.10426279,15.60588952,6.845311803,1,1.025747247,75.22148408,4.383880714,-0.00193945,0,0.240485264,"atlantic","modisaquar2022.0_chlpoly4","full","small","small","2023","1","FALSE","1","20","sd3","average","","","gauss","symmetric","loess","0.2","31,220","52,176","91,180","percent_thresh","20","0.1","TRUE","TRUE","TRUE","TRUE","0.75","1.25","0.85","1.15","1.05","FALSE","TRUE","2002,2024","CS_V02,CSS_V02,ESS_V02,GB_V02,HL2,LS_V02,P5,WSS_V02","custom","",NA
"2024-02-13-093001",FALSE,"HL2",2014,1.523004963,0.91202778,1.732235251,87,97,100,113,26,64.1547021,62.97309768,5.785930821,3.888660229,1,2.727839543,66.85338393,6.858568212,-0.012348544,0,0.464070388,"atlantic","modisaquar2022.0_chlpoly4","full","small","small","2023","1","FALSE","1","20","sd3","average","","","gauss","symmetric","loess","0.2","31,220","52,176","91,180","percent_thresh","20","0.1","TRUE","TRUE","TRUE","TRUE","0.75","1.25","0.85","1.15","1.05","FALSE","TRUE","2002,2024","CS_V02,CSS_V02,ESS_V02,GB_V02,HL2,LS_V02,P5,WSS_V02","custom","",NA
"2024-02-13-093001",FALSE,"HL2",2015,1.374439153,0.754593976,2.922080749,102,109,110,118,16,108.2394945,103.7645287,20.89464914,10.89887801,1,1.253099447,108.54904,3.973326567,-0.004424812,0,0.166977959,"atlantic","modisaquar2022.0_chlpoly4","full","small","small","2023","1","FALSE","1","20","sd3","average","","","gauss","symmetric","loess","0.2","31,220","52,176","91,180","percent_thresh","20","0.1","TRUE","TRUE","TRUE","TRUE","0.75","1.25","0.85","1.15","1.05","FALSE","TRUE","2002,2024","CS_V02,CSS_V02,ESS_V02,GB_V02,HL2,LS_V02,P5,WSS_V02","custom","",NA
"2024-02-13-093001",FALSE,"HL2",2016,1.195451808,0.844506467,1.088831674,81,90,93,105,24,43.77964226,40.28088606,4.679252182,2.756732307,1,2.142387323,42.43126904,6.14046826,-0.008256303,0,0.182472795,"atlantic","modisaquar2022.0_chlpoly4","full","small","small","2023","1","FALSE","1","20","sd3","average","","","gauss","symmetric","loess","0.2","31,220","52,176","91,180","percent_thresh","20","0.1","TRUE","TRUE","TRUE","TRUE","0.75","1.25","0.85","1.15","1.05","FALSE","TRUE","2002,2024","CS_V02,CSS_V02,ESS_V02,GB_V02,HL2,LS_V02,P5,WSS_V02","custom","",NA
"2024-02-13-093001",FALSE,"HL2",2017,1.078142829,0.704096265,1.041306413,84,103,97,110,26,38.69034207,41.77772389,5.527344366,2.500295758,1,1.512665553,44.9038794,7.164774802,-0.005401649,0,0.202686232,"atlantic","modisaquar2022.0_chlpoly4","full","small","small","2023","1","FALSE","1","20","sd3","average","","","gauss","symmetric","loess","0.2","31,220","52,176","91,180","percent_thresh","20","0.1","TRUE","TRUE","TRUE","TRUE","0.75","1.25","0.85","1.15","1.05","FALSE","TRUE","2002,2024","CS_V02,CSS_V02,ESS_V02,GB_V02,HL2,LS_V02,P5,WSS_V02","custom","",NA
"2024-02-13-093001",FALSE,"HL2",2018,1.433105028,0.912800098,1.663256517,83,90,92,101,18,53.26766166,58.05393662,9.638856649,5.385767906,1,2.052273701,60.84269951,4.506827199,-0.008778745,0,0.198659162,"atlantic","modisaquar2022.0_chlpoly4","full","small","small","2023","1","FALSE","1","20","sd3","average","","","gauss","symmetric","loess","0.2","31,220","52,176","91,180","percent_thresh","20","0.1","TRUE","TRUE","TRUE","TRUE","0.75","1.25","0.85","1.15","1.05","FALSE","TRUE","2002,2024","CS_V02,CSS_V02,ESS_V02,GB_V02,HL2,LS_V02,P5,WSS_V02","custom","",NA
"2024-02-13-093001",FALSE,"HL2",2019,2.127976543,0.941681132,5.53442509,90,102,104,118,28,266.2149264,307.9707781,43.05762607,17.42838056,12,1.479862595,328.5686706,7.521062226,-0.004140986,0,0.245439675,"atlantic","modisaquar2022.0_chlpoly4","full","small","small","2023","1","FALSE","1","20","sd3","average","","","gauss","symmetric","loess","0.2","31,220","52,176","91,180","percent_thresh","20","0.1","TRUE","TRUE","TRUE","TRUE","0.75","1.25","0.85","1.15","1.05","FALSE","TRUE","2002,2024","CS_V02,CSS_V02,ESS_V02,GB_V02,HL2,LS_V02,P5,WSS_V02","custom","",NA
"2024-02-13-093001",FALSE,"HL2",2020,1.760536504,0.88221057,3.01620514,97,105,107,117,20,75.84889492,76.22153748,19.13811811,6.037313507,1,2.172889004,81.32742434,5.374070452,-0.009128896,0,0.312185134,"atlantic","modisaquar2022.0_chlpoly4","full","small","small","2023","1","FALSE","1","20","sd3","average","","","gauss","symmetric","loess","0.2","31,220","52,176","91,180","percent_thresh","20","0.1","TRUE","TRUE","TRUE","TRUE","0.75","1.25","0.85","1.15","1.05","FALSE","TRUE","2002,2024","CS_V02,CSS_V02,ESS_V02,GB_V02,HL2,LS_V02,P5,WSS_V02","custom","",NA
"2024-02-13-093001",FALSE,"HL2",2021,1.720950783,1.108581625,1.843359745,79,98,92,105,26,67.48600242,79.36508366,10.4035623,4.891541868,12,1.797710221,84.31410072,6.87645338,-0.005608658,0,0.217675332,"atlantic","modisaquar2022.0_chlpoly4","full","small","small","2023","1","FALSE","1","20","sd3","average","","","gauss","symmetric","loess","0.2","31,220","52,176","91,180","percent_thresh","20","0.1","TRUE","TRUE","TRUE","TRUE","0.75","1.25","0.85","1.15","1.05","FALSE","TRUE","2002,2024","CS_V02,CSS_V02,ESS_V02,GB_V02,HL2,LS_V02,P5,WSS_V02","custom","",NA
"2024-02-13-093001",FALSE,"HL2",2022,1.760286721,0.719274844,2.680188058,101,108,110,119,18,50.87127101,72.73720515,12.15978024,6.331402457,12,2.910481708,77.95335843,4.911848645,-0.013320308,0,0.323893757,"atlantic","modisaquar2022.0_chlpoly4","full","small","small","2023","1","FALSE","1","20","sd3","average","","","gauss","symmetric","loess","0.2","31,220","52,176","91,180","percent_thresh","20","0.1","TRUE","TRUE","TRUE","TRUE","0.75","1.25","0.85","1.15","1.05","FALSE","TRUE","2002,2024","CS_V02,CSS_V02,ESS_V02,GB_V02,HL2,LS_V02,P5,WSS_V02","custom","",NA
"2024-02-13-093001",FALSE,"HL2",2023,2.083153001,1.24500078,3.787199226,99,103,106,113,14,12.82442302,15.5905678,2.452797805,1.91784784,2,3.346969345,16.20350796,3.370582526,-0.012845824,0,0.365845146,"atlantic","modisaquar2022.0_chlpoly4","full","small","small","2023","1","FALSE","1","20","sd3","average","","","gauss","symmetric","loess","0.2","31,220","52,176","91,180","percent_thresh","20","0.1","TRUE","TRUE","TRUE","TRUE","0.75","1.25","0.85","1.15","1.05","FALSE","TRUE","2002,2024","CS_V02,CSS_V02,ESS_V02,GB_V02,HL2,LS_V02,P5,WSS_V02","custom","",NA
"2024-02-13-093001",FALSE,"LS_V02",2003,1.647513568,1.113617394,1.850087255,97,104,106,115,18,60.13671693,55.32778958,10.78227065,4.992615267,1,0.24559878,58.4975094,4.674329695,0.007364602,0,0.193650106,"atlantic","modisaquar2022.0_chlpoly4","full","small","small","2023","1","FALSE","1","20","sd3","average","","","gauss","symmetric","loess","0.2","31,220","52,176","91,180","percent_thresh","20","0.1","TRUE","TRUE","TRUE","TRUE","0.75","1.25","0.85","1.15","1.05","FALSE","TRUE","2002,2024","CS_V02,CSS_V02,ESS_V02,GB_V02,HL2,LS_V02,P5,WSS_V02","custom","",NA
"2024-02-13-093001",FALSE,"LS_V02",2004,1.06941829,0.977465632,0.439695915,109,116,117,125,16,14.61507638,16.72933672,2.081024219,1.663512784,NA,0.85231845,17.8203717,4.273667022,0.001093436,0,0.116158234,"atlantic","modisaquar2022.0_chlpoly4","full","small","small","2023","1","FALSE","1","20","sd3","average","","","gauss","symmetric","loess","0.2","31,220","52,176","91,180","percent_thresh","20","0.1","TRUE","TRUE","TRUE","TRUE","0.75","1.25","0.85","1.15","1.05","FALSE","TRUE","2002,2024","CS_V02,CSS_V02,ESS_V02,GB_V02,HL2,LS_V02,P5,WSS_V02","custom","",NA
"2024-02-13-093001",FALSE,"LS_V02",2005,1.26777625,1.140295039,0.564961568,101,109,107,113,12,13.05265767,9.796424052,2.761835267,1.288877112,12,0.958742117,10.46659594,3.239694161,0.001640522,0,0.152525671,"atlantic","modisaquar2022.0_chlpoly4","full","small","small","2023","1","FALSE","1","20","sd3","average","","","gauss","symmetric","loess","0.2","31,220","52,176","91,180","percent_thresh","20","0.1","TRUE","TRUE","TRUE","TRUE","0.75","1.25","0.85","1.15","1.05","FALSE","TRUE","2002,2024","CS_V02,CSS_V02,ESS_V02,GB_V02,HL2,LS_V02,P5,WSS_V02","custom","",NA
"2024-02-13-093001",FALSE,"LS_V02",2006,1.532041203,1.16853884,1.190575142,81,89,93,105,24,45.12706998,51.54901441,5.518304439,3.371806512,1,0.457463553,55.20191932,6.53132957,0.004508811,0,0.204507446,"atlantic","modisaquar2022.0_chlpoly4","full","small","small","2023","1","FALSE","1","20","sd3","average","","","gauss","symmetric","loess","0.2","31,220","52,176","91,180","percent_thresh","20","0.1","TRUE","TRUE","TRUE","TRUE","0.75","1.25","0.85","1.15","1.05","FALSE","TRUE","2002,2024","CS_V02,CSS_V02,ESS_V02,GB_V02,HL2,LS_V02,P5,WSS_V02","custom","",NA
"2024-02-13-093001",FALSE,"LS_V02",2007,1.223753009,1.037525063,0.77119239,85,101,99,113,28,43.31534946,42.10067881,2.821689854,2.408604096,NA,0.39636384,44.73184835,7.409032317,0.004486664,0,0.200214944,"atlantic","modisaquar2022.0_chlpoly4","full","small","small","2023","1","FALSE","1","20","sd3","average","","","gauss","symmetric","loess","0.2","31,220","52,176","91,180","percent_thresh","20","0.1","TRUE","TRUE","TRUE","TRUE","0.75","1.25","0.85","1.15","1.05","FALSE","TRUE","2002,2024","CS_V02,CSS_V02,ESS_V02,GB_V02,HL2,LS_V02,P5,WSS_V02","custom","",NA
"2024-02-13-093001",FALSE,"LS_V02",2008,1.292437489,0.992870682,0.878463799,110,119,119,128,18,22.48337388,22.85281828,5.0179346,2.131785957,1,0.416910352,23.91245428,4.474975083,0.005548384,0,0.177994373,"atlantic","modisaquar2022.0_chlpoly4","full","small","small","2023","1","FALSE","1","20","sd3","average","","","gauss","symmetric","loess","0.2","31,220","52,176","91,180","percent_thresh","20","0.1","TRUE","TRUE","TRUE","TRUE","0.75","1.25","0.85","1.15","1.05","FALSE","TRUE","2002,2024","CS_V02,CSS_V02,ESS_V02,GB_V02,HL2,LS_V02,P5,WSS_V02","custom","",NA
"2024-02-13-093001",FALSE,"LS_V02",2009,1.417911611,1.203047856,0.833247324,83,99,97,111,28,22.66573958,32.21062846,4.079232517,1.796965929,12,0.379862019,34.56416738,7.673549915,0.006721368,0,0.187374944,"atlantic","modisaquar2022.0_chlpoly4","full","small","small","2023","1","FALSE","1","20","sd3","average","","","gauss","symmetric","loess","0.2","31,220","52,176","91,180","percent_thresh","20","0.1","TRUE","TRUE","TRUE","TRUE","0.75","1.25","0.85","1.15","1.05","FALSE","TRUE","2002,2024","CS_V02,CSS_V02,ESS_V02,GB_V02,HL2,LS_V02,P5,WSS_V02","custom","",NA
"2024-02-13-093001",FALSE,"LS_V02",2010,1.844044089,1.688685995,1.123036696,78,98,95,112,34,37.34446247,31.25795436,4.063689683,1.429973905,12,1.755281387,33.60269204,9.374670782,-0.001100848,0,0.208653192,"atlantic","modisaquar2022.0_chlpoly4","full","small","small","2023","1","FALSE","1","20","sd3","average","","","gauss","symmetric","loess","0.2","31,220","52,176","91,180","percent_thresh","20","0.1","TRUE","TRUE","TRUE","TRUE","0.75","1.25","0.85","1.15","1.05","FALSE","TRUE","2002,2024","CS_V02,CSS_V02,ESS_V02,GB_V02,HL2,LS_V02,P5,WSS_V02","custom","",NA
"2024-02-13-093001",FALSE,"LS_V02",2011,1.310585365,1.211852748,0.502033472,100,105,108,116,16,10.15606082,11.20164464,1.543379763,1.181567276,NA,1.156004619,11.7041677,3.951774432,0.000996069,0,0.142219667,"atlantic","modisaquar2022.0_chlpoly4","full","small","small","2023","1","FALSE","1","20","sd3","average","","","gauss","symmetric","loess","0.2","31,220","52,176","91,180","percent_thresh","20","0.1","TRUE","TRUE","TRUE","TRUE","0.75","1.25","0.85","1.15","1.05","FALSE","TRUE","2002,2024","CS_V02,CSS_V02,ESS_V02,GB_V02,HL2,LS_V02,P5,WSS_V02","custom","",NA
"2024-02-13-093001",FALSE,"LS_V02",2012,1.547912302,1.266887171,1.274901672,127,138,136,145,18,27.15674196,12.56709703,8.582613913,1.123687239,12,0.586205869,13.32966516,4.732426274,0.006333356,0,0.184634347,"atlantic","modisaquar2022.0_chlpoly4","full","small","small","2023","1","FALSE","1","20","sd3","average","","","gauss","symmetric","loess","0.2","31,220","52,176","91,180","percent_thresh","20","0.1","TRUE","TRUE","TRUE","TRUE","0.75","1.25","0.85","1.15","1.05","FALSE","TRUE","2002,2024","CS_V02,CSS_V02,ESS_V02,GB_V02,HL2,LS_V02,P5,WSS_V02","custom","",NA
"2024-02-13-093001",FALSE,"LS_V02",2013,1.585748957,1.455099053,0.785253301,164,170,178,192,28,22.52435599,20.51676474,3.044491981,1.16627772,1,0.422775964,21.85128515,7.474550342,0.008253484,0,0.131381671,"atlantic","modisaquar2022.0_chlpoly4","full","small","small","2023","1","FALSE","1","20","sd3","average","","","gauss","symmetric","loess","0.2","31,220","52,176","91,180","percent_thresh","20","0.1","TRUE","TRUE","TRUE","TRUE","0.75","1.25","0.85","1.15","1.05","FALSE","TRUE","2002,2024","CS_V02,CSS_V02,ESS_V02,GB_V02,HL2,LS_V02,P5,WSS_V02","custom","",NA
"2024-02-13-093001",FALSE,"LS_V02",2014,1.392222334,1.087401664,1.313992167,99,110,109,119,20,9.42917294,18.79197066,4.076895624,1.484848012,12,0.21294397,20.06994179,5.392301623,0.00799827,0,0.250215878,"atlantic","modisaquar2022.0_chlpoly4","full","small","small","2023","1","FALSE","1","20","sd3","average","","","gauss","symmetric","loess","0.2","31,220","52,176","91,180","percent_thresh","20","0.1","TRUE","TRUE","TRUE","TRUE","0.75","1.25","0.85","1.15","1.05","FALSE","TRUE","2002,2024","CS_V02,CSS_V02,ESS_V02,GB_V02,HL2,LS_V02,P5,WSS_V02","custom","",NA
"2024-02-13-093001",FALSE,"LS_V02",2015,1.346723346,1.160839308,0.74090161,103,112,111,119,16,6.745482585,10.2602405,2.092673262,1.059261772,12,0.324464543,10.78861324,4.063239212,0.006899863,0,0.19047238,"atlantic","modisaquar2022.0_chlpoly4","full","small","small","2023","1","FALSE","1","20","sd3","average","","","gauss","symmetric","loess","0.2","31,220","52,176","91,180","percent_thresh","20","0.1","TRUE","TRUE","TRUE","TRUE","0.75","1.25","0.85","1.15","1.05","FALSE","TRUE","2002,2024","CS_V02,CSS_V02,ESS_V02,GB_V02,HL2,LS_V02,P5,WSS_V02","custom","",NA
"2024-02-13-093001",FALSE,"LS_V02",2016,1.705614867,1.397620035,0.886743179,141,161,154,167,26,43.71970591,42.18042708,2.896758095,2.506558875,NA,0.796256364,45.47734101,7.238144018,0.005713424,0,0.14636589,"atlantic","modisaquar2022.0_chlpoly4","full","small","small","2023","1","FALSE","1","20","sd3","average","","","gauss","symmetric","loess","0.2","31,220","52,176","91,180","percent_thresh","20","0.1","TRUE","TRUE","TRUE","TRUE","0.75","1.25","0.85","1.15","1.05","FALSE","TRUE","2002,2024","CS_V02,CSS_V02,ESS_V02,GB_V02,HL2,LS_V02,P5,WSS_V02","custom","",NA
"2024-02-13-093001",FALSE,"LS_V02",2017,1.52040587,1.216883802,1.452993888,98,105,109,120,22,41.79336841,41.41803887,4.585061625,2.985232491,1,0.348199395,44.17609841,5.90363179,0.006985971,0,0.244476201,"atlantic","modisaquar2022.0_chlpoly4","full","small","small","2023","1","FALSE","1","20","sd3","average","","","gauss","symmetric","loess","0.2","31,220","52,176","91,180","percent_thresh","20","0.1","TRUE","TRUE","TRUE","TRUE","0.75","1.25","0.85","1.15","1.05","FALSE","TRUE","2002,2024","CS_V02,CSS_V02,ESS_V02,GB_V02,HL2,LS_V02,P5,WSS_V02","custom","",NA
"2024-02-13-093001",FALSE,"LS_V02",2018,1.295142605,1.240060118,0.384097531,172,181,180,188,16,6.796526997,6.954246603,1.057978221,0.735455304,15,1.053773381,7.261011631,3.938681961,0.001576713,0,0.121251404,"atlantic","modisaquar2022.0_chlpoly4","full","small","small","2023","1","FALSE","1","20","sd3","average","","","gauss","symmetric","loess","0.2","31,220","52,176","91,180","percent_thresh","20","0.1","TRUE","TRUE","TRUE","TRUE","0.75","1.25","0.85","1.15","1.05","FALSE","TRUE","2002,2024","CS_V02,CSS_V02,ESS_V02,GB_V02,HL2,LS_V02,P5,WSS_V02","custom","",NA
"2024-02-13-093001",FALSE,"LS_V02",2019,1.431874272,1.11554782,1.259365996,148,196,180,212,64,37.94231726,47.33530719,7.086912191,1.152833925,125,0,50.84027446,17.59345782,0.01,0,0.201274696,"atlantic","modisaquar2022.0_chlpoly4","full","small","small","2023","1","FALSE","1","20","sd3","average","","","gauss","symmetric","loess","0.2","31,220","52,176","91,180","percent_thresh","20","0.1","TRUE","TRUE","TRUE","TRUE","0.75","1.25","0.85","1.15","1.05","FALSE","TRUE","2002,2024","CS_V02,CSS_V02,ESS_V02,GB_V02,HL2,LS_V02,P5,WSS_V02","custom","",NA
"2024-02-13-093001",FALSE,"LS_V02",2020,1.651235709,1.233796725,1.937259885,138,145,144,150,12,11.4947936,8.276658038,10.58749938,1.181917073,12,0.491296736,8.612891552,2.90718078,0.008179244,0,0.249483846,"atlantic","modisaquar2022.0_chlpoly4","full","small","small","2023","1","FALSE","1","20","sd3","average","","","gauss","symmetric","loess","0.2","31,220","52,176","91,180","percent_thresh","20","0.1","TRUE","TRUE","TRUE","TRUE","0.75","1.25","0.85","1.15","1.05","FALSE","TRUE","2002,2024","CS_V02,CSS_V02,ESS_V02,GB_V02,HL2,LS_V02,P5,WSS_V02","custom","",NA
"2024-02-13-093001",FALSE,"LS_V02",2021,1.677425785,1.175795535,1.259476853,93,105,103,113,20,44.17499951,45.96652664,6.790904868,3.797495547,1,0.931682355,48.32951208,5.077210894,0.002893046,0,0.212919903,"atlantic","modisaquar2022.0_chlpoly4","full","small","small","2023","1","FALSE","1","20","sd3","average","","","gauss","symmetric","loess","0.2","31,220","52,176","91,180","percent_thresh","20","0.1","TRUE","TRUE","TRUE","TRUE","0.75","1.25","0.85","1.15","1.05","FALSE","TRUE","2002,2024","CS_V02,CSS_V02,ESS_V02,GB_V02,HL2,LS_V02,P5,WSS_V02","custom","",NA
"2024-02-13-093001",FALSE,"LS_V02",2022,2.068064075,1.802481966,1.155195653,140,145,144,148,8,3.311324745,2.211701261,1.829184218,0.499172268,12,2.987654001,2.274974635,1.818177062,-0.00622984,0,0.204453218,"atlantic","modisaquar2022.0_chlpoly4","full","small","small","2023","1","FALSE","1","20","sd3","average","","","gauss","symmetric","loess","0.2","31,220","52,176","91,180","percent_thresh","20","0.1","TRUE","TRUE","TRUE","TRUE","0.75","1.25","0.85","1.15","1.05","FALSE","TRUE","2002,2024","CS_V02,CSS_V02,ESS_V02,GB_V02,HL2,LS_V02,P5,WSS_V02","custom","",NA
"2024-02-13-093001",FALSE,"LS_V02",2023,2.449700611,2.212686729,1.254727358,117,143,142,167,50,54.25251526,53.10488917,4.389675467,1.644522634,1,2.719205912,57.20116498,13.87634486,-0.00501658,0,0.183201637,"atlantic","modisaquar2022.0_chlpoly4","full","small","small","2023","1","FALSE","1","20","sd3","average","","","gauss","symmetric","loess","0.2","31,220","52,176","91,180","percent_thresh","20","0.1","TRUE","TRUE","TRUE","TRUE","0.75","1.25","0.85","1.15","1.05","FALSE","TRUE","2002,2024","CS_V02,CSS_V02,ESS_V02,GB_V02,HL2,LS_V02,P5,WSS_V02","custom","",NA
"2024-02-13-093001",FALSE,"P5",2003,11.40387332,6.13234084,9.917920997,146,161,159,172,26,473.1350111,324.8297732,30.2049484,19.33018621,12,5,350,7.22340678,0.01,0,0.268383119,"atlantic","modisaquar2022.0_chlpoly4","full","small","small","2023","1","FALSE","1","20","sd3","average","","","gauss","symmetric","loess","0.2","31,220","52,176","91,180","percent_thresh","20","0.1","TRUE","TRUE","TRUE","TRUE","0.75","1.25","0.85","1.15","1.05","FALSE","TRUE","2002,2024","CS_V02,CSS_V02,ESS_V02,GB_V02,HL2,LS_V02,P5,WSS_V02","custom","",NA
"2024-02-13-093001",FALSE,"P5",2004,7.705802875,6.223082577,4.625652447,92,130,143,194,102,289.5949743,326.4389871,20.26011094,5.009154794,1,5,350,27.87492179,0.01,0,0.180911119,"atlantic","modisaquar2022.0_chlpoly4","full","small","small","2023","1","FALSE","1","20","sd3","average","","","gauss","symmetric","loess","0.2","31,220","52,176","91,180","percent_thresh","20","0.1","TRUE","TRUE","TRUE","TRUE","0.75","1.25","0.85","1.15","1.05","FALSE","TRUE","2002,2024","CS_V02,CSS_V02,ESS_V02,GB_V02,HL2,LS_V02,P5,WSS_V02","custom","",NA
"2024-02-13-093001",FALSE,"P5",2005,9.580993081,6.069140651,10.28311773,165,184,180,195,30,425.1289524,325.6659183,56.46294927,16.89554593,125,5,350,8.264296325,0.01,0,0.296430573,"atlantic","modisaquar2022.0_chlpoly4","full","small","small","2023","1","FALSE","1","20","sd3","average","","","gauss","symmetric","loess","0.2","31,220","52,176","91,180","percent_thresh","20","0.1","TRUE","TRUE","TRUE","TRUE","0.75","1.25","0.85","1.15","1.05","FALSE","TRUE","2002,2024","CS_V02,CSS_V02,ESS_V02,GB_V02,HL2,LS_V02,P5,WSS_V02","custom","",NA
"2024-02-13-093001",FALSE,"P5",2006,11.03369689,7.212815142,10.3652267,NA,NA,NA,NA,NA,NA,NA,NA,NA,NA,NA,NA,NA,NA,6,NA,"atlantic","modisaquar2022.0_chlpoly4","full","small","small","2023","1","FALSE","1","20","sd3","average","","","gauss","symmetric","loess","0.2","31,220","52,176","91,180","percent_thresh","20","0.1","TRUE","TRUE","TRUE","TRUE","0.75","1.25","0.85","1.15","1.05","FALSE","TRUE","2002,2024","CS_V02,CSS_V02,ESS_V02,GB_V02,HL2,LS_V02,P5,WSS_V02","custom","",NA
"2024-02-13-093001",FALSE,"P5",2007,8.355681557,6.345809941,6.886878226,137,158,158,179,42,342.9464235,326.6675891,34.78480671,12.19422793,1,5,350,11.45048288,0.01,0,0.215709117,"atlantic","modisaquar2022.0_chlpoly4","full","small","small","2023","1","FALSE","1","20","sd3","average","","","gauss","symmetric","loess","0.2","31,220","52,176","91,180","percent_thresh","20","0.1","TRUE","TRUE","TRUE","TRUE","0.75","1.25","0.85","1.15","1.05","FALSE","TRUE","2002,2024","CS_V02,CSS_V02,ESS_V02,GB_V02,HL2,LS_V02,P5,WSS_V02","custom","",NA
"2024-02-13-093001",FALSE,"P5",2008,8.667931608,7.4995995,4.844685835,108,127,125,142,34,181.1518974,198.2211675,24.42636202,9.325923909,1,5,210.7191989,9.01409861,0.01,0,0.2043221,"atlantic","modisaquar2022.0_chlpoly4","full","small","small","2023","1","FALSE","1","20","sd3","average","","","gauss","symmetric","loess","0.2","31,220","52,176","91,180","percent_thresh","20","0.1","TRUE","TRUE","TRUE","TRUE","0.75","1.25","0.85","1.15","1.05","FALSE","TRUE","2002,2024","CS_V02,CSS_V02,ESS_V02,GB_V02,HL2,LS_V02,P5,WSS_V02","custom","",NA
"2024-02-13-093001",FALSE,"P5",2009,12.54068608,8.30284447,13.01118043,133,146,144,155,22,339.8604088,325.9448057,48.77675785,23.10551361,1,5,350,6.043137603,0.01,0,0.350680518,"atlantic","modisaquar2022.0_chlpoly4","full","small","small","2023","1","FALSE","1","20","sd3","average","","","gauss","symmetric","loess","0.2","31,220","52,176","91,180","percent_thresh","20","0.1","TRUE","TRUE","TRUE","TRUE","0.75","1.25","0.85","1.15","1.05","FALSE","TRUE","2002,2024","CS_V02,CSS_V02,ESS_V02,GB_V02,HL2,LS_V02,P5,WSS_V02","custom","",NA
"2024-02-13-093001",FALSE,"P5",2010,13.39282822,7.899457216,13.22649079,105,114,114,123,18,389.0039714,326.6484754,65.8423583,28.44749298,12,5,350,4.908334039,0.01,0,0.313473585,"atlantic","modisaquar2022.0_chlpoly4","full","small","small","2023","1","FALSE","1","20","sd3","average","","","gauss","symmetric","loess","0.2","31,220","52,176","91,180","percent_thresh","20","0.1","TRUE","TRUE","TRUE","TRUE","0.75","1.25","0.85","1.15","1.05","FALSE","TRUE","2002,2024","CS_V02,CSS_V02,ESS_V02,GB_V02,HL2,LS_V02,P5,WSS_V02","custom","",NA
"2024-02-13-093001",FALSE,"P5",2011,10.74287479,7.513641054,10.21605286,NA,NA,NA,NA,NA,NA,NA,NA,NA,NA,NA,NA,NA,NA,6,NA,"atlantic","modisaquar2022.0_chlpoly4","full","small","small","2023","1","FALSE","1","20","sd3","average","","","gauss","symmetric","loess","0.2","31,220","52,176","91,180","percent_thresh","20","0.1","TRUE","TRUE","TRUE","TRUE","0.75","1.25","0.85","1.15","1.05","FALSE","TRUE","2002,2024","CS_V02,CSS_V02,ESS_V02,GB_V02,HL2,LS_V02,P5,WSS_V02","custom","",NA
"2024-02-13-093001",FALSE,"P5",2012,11.38622007,6.52307519,14.39455961,NA,NA,NA,NA,NA,NA,NA,NA,NA,NA,NA,NA,NA,NA,6,NA,"atlantic","modisaquar2022.0_chlpoly4","full","small","small","2023","1","FALSE","1","20","sd3","average","","","gauss","symmetric","loess","0.2","31,220","52,176","91,180","percent_thresh","20","0.1","TRUE","TRUE","TRUE","TRUE","0.75","1.25","0.85","1.15","1.05","FALSE","TRUE","2002,2024","CS_V02,CSS_V02,ESS_V02,GB_V02,HL2,LS_V02,P5,WSS_V02","custom","",NA
"2024-02-13-093001",FALSE,"P5",2013,14.09513538,8.897581715,12.18979815,117,156,166,215,98,1185.628422,324.7374891,44.10497326,5.123668072,12,5,350,27.25192112,0.01,0,0.29707367,"atlantic","modisaquar2022.0_chlpoly4","full","small","small","2023","1","FALSE","1","20","sd3","average","","","gauss","symmetric","loess","0.2","31,220","52,176","91,180","percent_thresh","20","0.1","TRUE","TRUE","TRUE","TRUE","0.75","1.25","0.85","1.15","1.05","FALSE","TRUE","2002,2024","CS_V02,CSS_V02,ESS_V02,GB_V02,HL2,LS_V02,P5,WSS_V02","custom","",NA
"2024-02-13-093001",FALSE,"P5",2014,9.945555677,6.789861815,9.195442015,149,159,159,169,20,436.0554565,324.5690796,48.59980293,25.06368954,12,5,350,5.570999351,0.01,0,0.212291966,"atlantic","modisaquar2022.0_chlpoly4","full","small","small","2023","1","FALSE","1","20","sd3","average","","","gauss","symmetric","loess","0.2","31,220","52,176","91,180","percent_thresh","20","0.1","TRUE","TRUE","TRUE","TRUE","0.75","1.25","0.85","1.15","1.05","FALSE","TRUE","2002,2024","CS_V02,CSS_V02,ESS_V02,GB_V02,HL2,LS_V02,P5,WSS_V02","custom","",NA
"2024-02-13-093001",FALSE,"P5",2015,10.83311386,7.004801159,11.43595086,165,176,180,195,30,833.679034,329.0876787,60.84728518,17.52533871,125,5,350,7.967309532,0.01,0,0.271500451,"atlantic","modisaquar2022.0_chlpoly4","full","small","small","2023","1","FALSE","1","20","sd3","average","","","gauss","symmetric","loess","0.2","31,220","52,176","91,180","percent_thresh","20","0.1","TRUE","TRUE","TRUE","TRUE","0.75","1.25","0.85","1.15","1.05","FALSE","TRUE","2002,2024","CS_V02,CSS_V02,ESS_V02,GB_V02,HL2,LS_V02,P5,WSS_V02","custom","",NA
"2024-02-13-093001",FALSE,"P5",2016,9.577369931,7.726432193,9.740603941,102,108,112,122,20,129.8928786,139.9286295,17.4292529,11.5274414,1,5,147.2526681,5.096127855,0.01,0,0.236569141,"atlantic","modisaquar2022.0_chlpoly4","full","small","small","2023","1","FALSE","1","20","sd3","average","","","gauss","symmetric","loess","0.2","31,220","52,176","91,180","percent_thresh","20","0.1","TRUE","TRUE","TRUE","TRUE","0.75","1.25","0.85","1.15","1.05","FALSE","TRUE","2002,2024","CS_V02,CSS_V02,ESS_V02,GB_V02,HL2,LS_V02,P5,WSS_V02","custom","",NA
"2024-02-13-093001",FALSE,"P5",2017,8.725318354,7.379748285,4.751444396,112,158,143,174,62,423.6496867,326.5774482,19.25658791,8.252803939,12,5,350,16.91907371,0.01,0,0.170252237,"atlantic","modisaquar2022.0_chlpoly4","full","small","small","2023","1","FALSE","1","20","sd3","average","","","gauss","symmetric","loess","0.2","31,220","52,176","91,180","percent_thresh","20","0.1","TRUE","TRUE","TRUE","TRUE","0.75","1.25","0.85","1.15","1.05","FALSE","TRUE","2002,2024","CS_V02,CSS_V02,ESS_V02,GB_V02,HL2,LS_V02,P5,WSS_V02","custom","",NA
"2024-02-13-093001",FALSE,"P5",2018,10.05349567,6.954541114,8.888887769,171,177,180,189,18,244.6852013,246.9957685,50.14327013,22.23036746,15,5,261.379286,4.690666882,0.01,0,0.291723088,"atlantic","modisaquar2022.0_chlpoly4","full","small","small","2023","1","FALSE","1","20","sd3","average","","","gauss","symmetric","loess","0.2","31,220","52,176","91,180","percent_thresh","20","0.1","TRUE","TRUE","TRUE","TRUE","0.75","1.25","0.85","1.15","1.05","FALSE","TRUE","2002,2024","CS_V02,CSS_V02,ESS_V02,GB_V02,HL2,LS_V02,P5,WSS_V02","custom","",NA
"2024-02-13-093001",FALSE,"P5",2019,10.25034923,7.771095571,7.444885095,158,176,176,194,36,435.5421426,329.8619387,32.59203838,14.73298915,12,5,350,9.477357019,0.01,0,0.220781476,"atlantic","modisaquar2022.0_chlpoly4","full","small","small","2023","1","FALSE","1","20","sd3","average","","","gauss","symmetric","loess","0.2","31,220","52,176","91,180","percent_thresh","20","0.1","TRUE","TRUE","TRUE","TRUE","0.75","1.25","0.85","1.15","1.05","FALSE","TRUE","2002,2024","CS_V02,CSS_V02,ESS_V02,GB_V02,HL2,LS_V02,P5,WSS_V02","custom","",NA
"2024-02-13-093001",FALSE,"P5",2020,9.059546813,7.508240656,6.826210632,127,167,155,183,56,335.3767407,324.662104,41.18821366,8.959649111,1,5,350,15.58429314,0.01,0,0.231346538,"atlantic","modisaquar2022.0_chlpoly4","full","small","small","2023","1","FALSE","1","20","sd3","average","","","gauss","symmetric","loess","0.2","31,220","52,176","91,180","percent_thresh","20","0.1","TRUE","TRUE","TRUE","TRUE","0.75","1.25","0.85","1.15","1.05","FALSE","TRUE","2002,2024","CS_V02,CSS_V02,ESS_V02,GB_V02,HL2,LS_V02,P5,WSS_V02","custom","",NA
"2024-02-13-093001",FALSE,"P5",2021,11.01987012,6.95947361,13.55244253,135,144,144,153,18,293.3352665,268.8617698,75.53404251,23.70330807,1,5,286.6783187,4.824984845,0.01,0,0.320830946,"atlantic","modisaquar2022.0_chlpoly4","full","small","small","2023","1","FALSE","1","20","sd3","average","","","gauss","symmetric","loess","0.2","31,220","52,176","91,180","percent_thresh","20","0.1","TRUE","TRUE","TRUE","TRUE","0.75","1.25","0.85","1.15","1.05","FALSE","TRUE","2002,2024","CS_V02,CSS_V02,ESS_V02,GB_V02,HL2,LS_V02,P5,WSS_V02","custom","",NA
"2024-02-13-093001",FALSE,"P5",2022,12.31650358,9.508414567,9.249249299,117,131,132,147,30,393.4636362,325.594646,46.48635585,16.88322523,12,5,350,8.270327279,0.01,0,0.250129367,"atlantic","modisaquar2022.0_chlpoly4","full","small","small","2023","1","FALSE","1","20","sd3","average","","","gauss","symmetric","loess","0.2","31,220","52,176","91,180","percent_thresh","20","0.1","TRUE","TRUE","TRUE","TRUE","0.75","1.25","0.85","1.15","1.05","FALSE","TRUE","2002,2024","CS_V02,CSS_V02,ESS_V02,GB_V02,HL2,LS_V02,P5,WSS_V02","custom","",NA
"2024-02-13-093001",FALSE,"P5",2023,12.77115102,10.54141992,8.786868108,NA,NA,NA,NA,NA,NA,NA,NA,NA,NA,NA,NA,NA,NA,4,NA,"atlantic","modisaquar2022.0_chlpoly4","full","small","small","2023","1","FALSE","1","20","sd3","average","","","gauss","symmetric","loess","0.2","31,220","52,176","91,180","percent_thresh","20","0.1","TRUE","TRUE","TRUE","TRUE","0.75","1.25","0.85","1.15","1.05","FALSE","TRUE","2002,2024","CS_V02,CSS_V02,ESS_V02,GB_V02,HL2,LS_V02,P5,WSS_V02","custom","",NA
"2024-02-13-093001",FALSE,"WSS_V02",2003,2.261781194,0.611401224,7.859304337,92,104,102,112,20,180.0167761,191.3781947,54.29754416,14.84800209,1,0.427273565,205.9472012,5.533474846,0.000832639,0,0.226700492,"atlantic","modisaquar2022.0_chlpoly4","full","small","small","2023","1","FALSE","1","20","sd3","average","","","gauss","symmetric","loess","0.2","31,220","52,176","91,180","percent_thresh","20","0.1","TRUE","TRUE","TRUE","TRUE","0.75","1.25","0.85","1.15","1.05","FALSE","TRUE","2002,2024","CS_V02,CSS_V02,ESS_V02,GB_V02,HL2,LS_V02,P5,WSS_V02","custom","",NA
"2024-02-13-093001",FALSE,"WSS_V02",2004,0.971767879,0.642610291,1.178577511,91,99,102,113,22,60.70186759,59.77429407,5.077804045,4.447620207,NA,0.784667136,63.03457218,5.654069996,-0.001298942,0,0.165639286,"atlantic","modisaquar2022.0_chlpoly4","full","small","small","2023","1","FALSE","1","20","sd3","average","","","gauss","symmetric","loess","0.2","31,220","52,176","91,180","percent_thresh","20","0.1","TRUE","TRUE","TRUE","TRUE","0.75","1.25","0.85","1.15","1.05","FALSE","TRUE","2002,2024","CS_V02,CSS_V02,ESS_V02,GB_V02,HL2,LS_V02,P5,WSS_V02","custom","",NA
"2024-02-13-093001",FALSE,"WSS_V02",2005,0.717178766,0.586755085,0.408400803,88,99,96,104,16,12.75094528,13.43883562,1.68232802,1.356975679,NA,0.649044017,14.23512938,4.185038145,-0.000424317,0,0.132452952,"atlantic","modisaquar2022.0_chlpoly4","full","small","small","2023","1","FALSE","1","20","sd3","average","","","gauss","symmetric","loess","0.2","31,220","52,176","91,180","percent_thresh","20","0.1","TRUE","TRUE","TRUE","TRUE","0.75","1.25","0.85","1.15","1.05","FALSE","TRUE","2002,2024","CS_V02,CSS_V02,ESS_V02,GB_V02,HL2,LS_V02,P5,WSS_V02","custom","",NA
"2024-02-13-093001",FALSE,"WSS_V02",2006,1.492892438,0.716418137,1.758680172,81,89,92,103,22,70.60961587,70.92931743,7.951997039,5.238402834,1,0.771577847,74.98468943,5.710626682,-0.000511726,0,0.177149165,"atlantic","modisaquar2022.0_chlpoly4","full","small","small","2023","1","FALSE","1","20","sd3","average","","","gauss","symmetric","loess","0.2","31,220","52,176","91,180","percent_thresh","20","0.1","TRUE","TRUE","TRUE","TRUE","0.75","1.25","0.85","1.15","1.05","FALSE","TRUE","2002,2024","CS_V02,CSS_V02,ESS_V02,GB_V02,HL2,LS_V02,P5,WSS_V02","custom","",NA
"2024-02-13-093001",FALSE,"WSS_V02",2007,1.359573936,0.676793309,1.965868297,82,94,96,110,28,93.05433334,112.8065049,9.995697877,6.521554438,12,0.660227702,119.4094784,7.304621934,-0.00036862,0,0.194434227,"atlantic","modisaquar2022.0_chlpoly4","full","small","small","2023","1","FALSE","1","20","sd3","average","","","gauss","symmetric","loess","0.2","31,220","52,176","91,180","percent_thresh","20","0.1","TRUE","TRUE","TRUE","TRUE","0.75","1.25","0.85","1.15","1.05","FALSE","TRUE","2002,2024","CS_V02,CSS_V02,ESS_V02,GB_V02,HL2,LS_V02,P5,WSS_V02","custom","",NA
"2024-02-13-093001",FALSE,"WSS_V02",2008,0.902788738,0.562652366,0.948552199,98,111,110,122,24,34.35816473,34.67102406,5.381924906,2.263556014,1,0.713190919,37.1566563,6.548705268,-0.000960624,0,0.2031979,"atlantic","modisaquar2022.0_chlpoly4","full","small","small","2023","1","FALSE","1","20","sd3","average","","","gauss","symmetric","loess","0.2","31,220","52,176","91,180","percent_thresh","20","0.1","TRUE","TRUE","TRUE","TRUE","0.75","1.25","0.85","1.15","1.05","FALSE","TRUE","2002,2024","CS_V02,CSS_V02,ESS_V02,GB_V02,HL2,LS_V02,P5,WSS_V02","custom","",NA
"2024-02-13-093001",FALSE,"WSS_V02",2009,1.447230367,0.88009587,2.288720374,94,99,101,108,14,64.51146471,69.12861529,12.16364144,7.938340375,1,1.564066554,73.35264428,3.686346239,-0.005962348,0,0.251844821,"atlantic","modisaquar2022.0_chlpoly4","full","small","small","2023","1","FALSE","1","20","sd3","average","","","gauss","symmetric","loess","0.2","31,220","52,176","91,180","percent_thresh","20","0.1","TRUE","TRUE","TRUE","TRUE","0.75","1.25","0.85","1.15","1.05","FALSE","TRUE","2002,2024","CS_V02,CSS_V02,ESS_V02,GB_V02,HL2,LS_V02,P5,WSS_V02","custom","",NA
"2024-02-13-093001",FALSE,"WSS_V02",2010,1.040603257,0.659249349,2.108963986,82,93,92,102,20,92.56286313,60.94604513,17.38413528,4.868449408,12,0.925383405,64.81899536,5.311555211,-0.002062752,0,0.173047704,"atlantic","modisaquar2022.0_chlpoly4","full","small","small","2023","1","FALSE","1","20","sd3","average","","","gauss","symmetric","loess","0.2","31,220","52,176","91,180","percent_thresh","20","0.1","TRUE","TRUE","TRUE","TRUE","0.75","1.25","0.85","1.15","1.05","FALSE","TRUE","2002,2024","CS_V02,CSS_V02,ESS_V02,GB_V02,HL2,LS_V02,P5,WSS_V02","custom","",NA
"2024-02-13-093001",FALSE,"WSS_V02",2011,0.99489128,0.763345957,0.867148833,99,105,108,117,18,39.46739837,32.84346566,5.190028567,3.001061879,12,1.118104909,34.58170487,4.597074222,-0.002534761,0,0.148462621,"atlantic","modisaquar2022.0_chlpoly4","full","small","small","2023","1","FALSE","1","20","sd3","average","","","gauss","symmetric","loess","0.2","31,220","52,176","91,180","percent_thresh","20","0.1","TRUE","TRUE","TRUE","TRUE","0.75","1.25","0.85","1.15","1.05","FALSE","TRUE","2002,2024","CS_V02,CSS_V02,ESS_V02,GB_V02,HL2,LS_V02,P5,WSS_V02","custom","",NA
"2024-02-13-093001",FALSE,"WSS_V02",2012,0.802810114,0.517193903,0.582889886,81,92,91,101,20,13.56837648,13.45869462,1.470579867,1.06963331,15,1.419170056,14.34154175,5.348980173,-0.005882693,0,0.184548941,"atlantic","modisaquar2022.0_chlpoly4","full","small","small","2023","1","FALSE","1","20","sd3","average","","","gauss","symmetric","loess","0.2","31,220","52,176","91,180","percent_thresh","20","0.1","TRUE","TRUE","TRUE","TRUE","0.75","1.25","0.85","1.15","1.05","FALSE","TRUE","2002,2024","CS_V02,CSS_V02,ESS_V02,GB_V02,HL2,LS_V02,P5,WSS_V02","custom","",NA
"2024-02-13-093001",FALSE,"WSS_V02",2013,0.98472088,0.723953695,0.67841736,88,108,107,126,38,49.23736733,39.40393691,2.703276398,1.608644427,12,0.453111617,42.40794651,10.5171302,0.001567571,0,0.156036402,"atlantic","modisaquar2022.0_chlpoly4","full","small","small","2023","1","FALSE","1","20","sd3","average","","","gauss","symmetric","loess","0.2","31,220","52,176","91,180","percent_thresh","20","0.1","TRUE","TRUE","TRUE","TRUE","0.75","1.25","0.85","1.15","1.05","FALSE","TRUE","2002,2024","CS_V02,CSS_V02,ESS_V02,GB_V02,HL2,LS_V02,P5,WSS_V02","custom","",NA
"2024-02-13-093001",FALSE,"WSS_V02",2014,1.194165232,0.816379769,0.859951344,82,97,97,112,30,38.06601794,40.26649153,2.914281151,2.094592755,1,0.682847765,43.22631282,8.233010339,0.00237182,0,0.256344566,"atlantic","modisaquar2022.0_chlpoly4","full","small","small","2023","1","FALSE","1","20","sd3","average","","","gauss","symmetric","loess","0.2","31,220","52,176","91,180","percent_thresh","20","0.1","TRUE","TRUE","TRUE","TRUE","0.75","1.25","0.85","1.15","1.05","FALSE","TRUE","2002,2024","CS_V02,CSS_V02,ESS_V02,GB_V02,HL2,LS_V02,P5,WSS_V02","custom","",NA
"2024-02-13-093001",FALSE,"WSS_V02",2015,1.141442623,0.557333616,3.072348055,105,112,114,123,18,74.20551134,48.73239437,24.48088437,4.405867556,12,0.799785118,51.49087744,4.662393457,-0.001906652,0,0.179798984,"atlantic","modisaquar2022.0_chlpoly4","full","small","small","2023","1","FALSE","1","20","sd3","average","","","gauss","symmetric","loess","0.2","31,220","52,176","91,180","percent_thresh","20","0.1","TRUE","TRUE","TRUE","TRUE","0.75","1.25","0.85","1.15","1.05","FALSE","TRUE","2002,2024","CS_V02,CSS_V02,ESS_V02,GB_V02,HL2,LS_V02,P5,WSS_V02","custom","",NA
"2024-02-13-093001",FALSE,"WSS_V02",2016,0.824428572,0.656438935,0.431823622,88,100,97,106,18,8.290896195,7.311982596,1.301808232,0.672093541,1,1.449993446,7.6846725,4.561479295,-0.005066605,0,0.143653431,"atlantic","modisaquar2022.0_chlpoly4","full","small","small","2023","1","FALSE","1","20","sd3","average","","","gauss","symmetric","loess","0.2","31,220","52,176","91,180","percent_thresh","20","0.1","TRUE","TRUE","TRUE","TRUE","0.75","1.25","0.85","1.15","1.05","FALSE","TRUE","2002,2024","CS_V02,CSS_V02,ESS_V02,GB_V02,HL2,LS_V02,P5,WSS_V02","custom","",NA
"2024-02-13-093001",FALSE,"WSS_V02",2017,1.46054855,0.657280232,2.800594429,93,103,101,109,16,66.88879327,72.15021628,15.4003356,7.012038258,1,1.239803658,77.57158613,4.413350916,-0.004053358,0,0.184964668,"atlantic","modisaquar2022.0_chlpoly4","full","small","small","2023","1","FALSE","1","20","sd3","average","","","gauss","symmetric","loess","0.2","31,220","52,176","91,180","percent_thresh","20","0.1","TRUE","TRUE","TRUE","TRUE","0.75","1.25","0.85","1.15","1.05","FALSE","TRUE","2002,2024","CS_V02,CSS_V02,ESS_V02,GB_V02,HL2,LS_V02,P5,WSS_V02","custom","",NA
"2024-02-13-093001",FALSE,"WSS_V02",2018,0.619959041,0.435370532,0.443544862,NA,NA,NA,NA,NA,NA,NA,NA,NA,NA,NA,NA,NA,NA,2,NA,"atlantic","modisaquar2022.0_chlpoly4","full","small","small","2023","1","FALSE","1","20","sd3","average","","","gauss","symmetric","loess","0.2","31,220","52,176","91,180","percent_thresh","20","0.1","TRUE","TRUE","TRUE","TRUE","0.75","1.25","0.85","1.15","1.05","FALSE","TRUE","2002,2024","CS_V02,CSS_V02,ESS_V02,GB_V02,HL2,LS_V02,P5,WSS_V02","custom","",NA
"2024-02-13-093001",FALSE,"WSS_V02",2019,1.198824627,0.657891129,1.871638125,87,102,100,113,26,99.66222372,98.00378836,12.76545902,6.025243125,1,0.827971749,104.2111169,6.900007143,-0.001383258,0,0.168596552,"atlantic","modisaquar2022.0_chlpoly4","full","small","small","2023","1","FALSE","1","20","sd3","average","","","gauss","symmetric","loess","0.2","31,220","52,176","91,180","percent_thresh","20","0.1","TRUE","TRUE","TRUE","TRUE","0.75","1.25","0.85","1.15","1.05","FALSE","TRUE","2002,2024","CS_V02,CSS_V02,ESS_V02,GB_V02,HL2,LS_V02,P5,WSS_V02","custom","",NA
"2024-02-13-093001",FALSE,"WSS_V02",2020,1.456710979,0.835717847,2.334334616,96,103,105,114,18,64.35593731,65.41573323,15.35414399,5.883537655,1,1.002974299,69.24177141,4.695044344,-0.001588114,0,0.217193859,"atlantic","modisaquar2022.0_chlpoly4","full","small","small","2023","1","FALSE","1","20","sd3","average","","","gauss","symmetric","loess","0.2","31,220","52,176","91,180","percent_thresh","20","0.1","TRUE","TRUE","TRUE","TRUE","0.75","1.25","0.85","1.15","1.05","FALSE","TRUE","2002,2024","CS_V02,CSS_V02,ESS_V02,GB_V02,HL2,LS_V02,P5,WSS_V02","custom","",NA
"2024-02-13-093001",FALSE,"WSS_V02",2021,1.472450156,0.763756423,1.751496856,84,105,99,114,30,77.3175553,86.18892853,8.252398817,4.510781334,1,1.308886328,92.29060209,8.162360472,-0.004057864,0,0.203200932,"atlantic","modisaquar2022.0_chlpoly4","full","small","small","2023","1","FALSE","1","20","sd3","average","","","gauss","symmetric","loess","0.2","31,220","52,176","91,180","percent_thresh","20","0.1","TRUE","TRUE","TRUE","TRUE","0.75","1.25","0.85","1.15","1.05","FALSE","TRUE","2002,2024","CS_V02,CSS_V02,ESS_V02,GB_V02,HL2,LS_V02,P5,WSS_V02","custom","",NA
"2024-02-13-093001",FALSE,"WSS_V02",2022,1.930296169,0.980925142,3.874106391,NA,NA,NA,NA,NA,NA,NA,NA,NA,NA,NA,NA,NA,NA,2,NA,"atlantic","modisaquar2022.0_chlpoly4","full","small","small","2023","1","FALSE","1","20","sd3","average","","","gauss","symmetric","loess","0.2","31,220","52,176","91,180","percent_thresh","20","0.1","TRUE","TRUE","TRUE","TRUE","0.75","1.25","0.85","1.15","1.05","FALSE","TRUE","2002,2024","CS_V02,CSS_V02,ESS_V02,GB_V02,HL2,LS_V02,P5,WSS_V02","custom","",NA
"2024-02-13-093001",FALSE,"WSS_V02",2023,1.591397148,1.249502974,1.147665969,94,110,107,120,26,51.6510459,49.42158776,5.24927932,3.106161508,1,1.25923009,52.1470227,6.697543606,-0.000470332,0,0.179761607,"atlantic","modisaquar2022.0_chlpoly4","full","small","small","2023","1","FALSE","1","20","sd3","average","","","gauss","symmetric","loess","0.2","31,220","52,176","91,180","percent_thresh","20","0.1","TRUE","TRUE","TRUE","TRUE","0.75","1.25","0.85","1.15","1.05","FALSE","TRUE","2002,2024","CS_V02,CSS_V02,ESS_V02,GB_V02,HL2,LS_V02,P5,WSS_V02","custom","",NA
