datetime_fitted,manual_fit,Region,Year,Mean,Median,StDev,t.start.,t.max_real.,t.end.,t.duration.,Magnitude,Amplitude,Threshold,settings_region,settings_sat_alg,settings_concentration_type,settings_cell_size_model1,settings_cell_size_model2,settings_year,settings_composite,settings_log_chla,settings_yearday_slide,settings_percent,settings_outlier,settings_dailystat,settings_pixrange1,settings_pixrange2,settings_fitmethod,settings_bloomShape,settings_smoothMethod,settings_loessSpan,settings_t_range,settings_ti_limits,settings_tm_limits,settings_ti_threshold_type,settings_ti_threshold_percent,settings_ti_threshold_constant,settings_tm,settings_beta,settings_use_weights,settings_rm_bkrnd,settings_flag1_lim1,settings_flag1_lim2,settings_flag2_lim1,settings_flag2_lim2,settings_threshcoef,settings_fullrunoutput_png,settings_fullrunoutput_statcsv,settings_fullrunyears,settings_fullrunboxes,settings_box,settings_custom_name,settings_polystr
,TRUE,SPB,2003,0.272380947,0.321150035,1.549417254,252,335,,,,,0.336886312,atlantic,modisaquar2022.0_chlpoly4,full,small,small,2003,1,TRUE,1,20,none,average,"","",thresh,symmetric,loess,0.2,"185,365","185,250","190,364",percent_thresh,20,0.1,FALSE,FALSE,FALSE,TRUE,0.75,1.25,0.85,1.15,1.05,FALSE,TRUE,"2002,2024",SPB,custom,"",
,TRUE,SPB,2004,0.454938082,0.517124458,1.599661316,246,276,284,38,13.44301311,0.455011532,0.565218451,atlantic,modisaquar2022.0_chlpoly4,full,small,small,2004,1,TRUE,1,20,none,average,"","",thresh,symmetric,loess,0.2,"185,365","185,250","190,364",percent_thresh,20,0.1,FALSE,FALSE,FALSE,TRUE,0.75,1.25,0.85,1.15,1.05,FALSE,TRUE,"2002,2024",SES,custom,"",
,TRUE,SPB,2005,0.341633334,0.291625727,1.792330557,256,335,,,,,0.304291071,atlantic,modisaquar2022.0_chlpoly4,full,small,small,2005,1,TRUE,1,20,none,average,"","",thresh,symmetric,loess,0.2,"170,365","185,260","190,364",percent_thresh,20,0.1,FALSE,FALSE,FALSE,TRUE,0.75,1.25,0.85,1.15,1.05,FALSE,TRUE,"2002,2024",AC,custom,"",
,TRUE,SPB,2006,0.370559042,0.308257036,1.752165405,254,259,,,,,0.403145527,atlantic,modisaquar2022.0_chlpoly4,full,small,small,2006,1,TRUE,1,20,none,average,"","",thresh,symmetric,loess,0.2,"170,365","185,275","190,364",percent_thresh,20,0.1,FALSE,FALSE,FALSE,TRUE,0.75,1.25,0.85,1.15,1.05,FALSE,TRUE,"2002,2024",HIB,custom,"",
,TRUE,SPB,2007,0.249962287,0.236479579,1.581053976,269,321,,,,,0.256430442,atlantic,modisaquar2022.0_chlpoly4,full,small,small,2007,1,TRUE,1,20,none,average,"","",thresh,symmetric,loess,0.2,"170,365","185,275","190,364",percent_thresh,20,0.1,FALSE,FALSE,FALSE,TRUE,0.75,1.25,0.85,1.15,1.05,FALSE,TRUE,"2002,2024",NENS,custom,"",
,TRUE,SPB,2008,0.311398083,0.320972033,1.417862953,263,301,,,,,0.348987918,atlantic,modisaquar2022.0_chlpoly4,full,small,small,2008,1,TRUE,1,20,none,average,"","",thresh,symmetric,loess,0.2,"170,365","185,275","190,364",percent_thresh,20,0.1,FALSE,FALSE,FALSE,TRUE,0.75,1.25,0.85,1.15,1.05,FALSE,TRUE,"2002,2024",SAB,custom,"",
,TRUE,SPB,2009,0.311787743,0.326934304,1.968831683,264,288,,,,,0.344292105,atlantic,modisaquar2022.0_chlpoly4,full,small,small,2009,1,TRUE,1,20,none,average,"","",thresh,symmetric,loess,0.2,"170,365","185,275","190,364",percent_thresh,20,0.1,FALSE,FALSE,FALSE,TRUE,0.75,1.25,0.85,1.15,1.05,FALSE,TRUE,"2002,2024",HB,custom,"",
,TRUE,SPB,2010,0.522620099,0.55227332,1.632244283,249,311,318,69,23.17676267,0.586909037,0.571916835,atlantic,modisaquar2022.0_chlpoly4,full,small,small,2010,1,TRUE,1,20,none,average,"","",thresh,symmetric,loess,0.2,"170,365","185,275","190,364",percent_thresh,20,0.1,FALSE,FALSE,FALSE,TRUE,0.75,1.25,0.85,1.15,1.05,FALSE,TRUE,"2002,2024",FP,custom,"",
,TRUE,SPB,2011,0.572099524,0.466294008,2.051504374,269,313,,,,,0.520968545,atlantic,modisaquar2022.0_chlpoly4,full,small,small,2011,1,TRUE,1,20,none,average,"","",thresh,symmetric,loess,0.2,"170,365","185,275","190,364",percent_thresh,20,0.1,FALSE,FALSE,FALSE,TRUE,0.75,1.25,0.85,1.15,1.05,FALSE,TRUE,"2002,2024",SPB,custom,"",
,TRUE,SPB,2012,0.250639371,0.251530579,1.699631443,254,318,,,,,0.273864854,atlantic,modisaquar2022.0_chlpoly4,full,small,small,2012,1,TRUE,1,20,none,average,"","",thresh,symmetric,loess,0.2,"170,365","185,275","190,364",percent_thresh,20,0.1,FALSE,FALSE,FALSE,TRUE,0.75,1.25,0.85,1.15,1.05,FALSE,TRUE,"2002,2024",SES,custom,"",
,TRUE,SPB,2013,0.295372607,0.287082524,1.749107198,249,284,,,,,0.307513492,atlantic,modisaquar2022.0_chlpoly4,full,small,small,2013,1,TRUE,1,20,none,average,"","",thresh,symmetric,loess,0.2,"145,365","185,275","190,364",percent_thresh,20,0.1,FALSE,FALSE,FALSE,TRUE,0.75,1.25,0.85,1.15,1.05,FALSE,TRUE,"2002,2024",AC,custom,"",
,TRUE,SPB,2014,0.293191886,0.292125545,1.429046204,221,242,,,,,0.314424887,atlantic,modisaquar2022.0_chlpoly4,full,small,small,2014,1,TRUE,1,20,none,average,"","",thresh,symmetric,loess,0.2,"175,365","185,275","190,364",percent_thresh,20,0.1,FALSE,FALSE,FALSE,TRUE,0.75,1.25,0.85,1.15,1.05,FALSE,TRUE,"2002,2024",HIB,custom,"",
,TRUE,SPB,2015,0.311587022,0.286375133,1.60177868,263,322,,,,,0.311193106,atlantic,modisaquar2022.0_chlpoly4,full,small,small,2015,1,TRUE,1,20,none,average,"","",thresh,symmetric,loess,0.2,"175,365","185,275","190,364",percent_thresh,20,0.1,FALSE,FALSE,FALSE,TRUE,0.75,1.25,0.85,1.15,1.05,FALSE,TRUE,"2002,2024",NENS,custom,"",
,TRUE,SPB,2016,0.508385898,0.628496712,1.831568421,248,250,261,13,8.257424237,0.75901572,0.710371381,atlantic,modisaquar2022.0_chlpoly4,full,small,small,2016,1,TRUE,1,20,none,average,"","",thresh,symmetric,loess,0.2,"170,365","185,275","190,364",percent_thresh,20,0.1,FALSE,FALSE,FALSE,TRUE,0.75,1.25,0.85,1.15,1.05,FALSE,TRUE,"2002,2024",SAB,custom,"",
,TRUE,SPB,2017,0.328968136,0.352710893,1.700535898,245,292,,,,,0.383655758,atlantic,modisaquar2022.0_chlpoly4,full,small,small,2017,1,TRUE,1,20,none,average,"","",thresh,symmetric,loess,0.2,"180,365","185,275","190,364",percent_thresh,20,0.1,FALSE,FALSE,FALSE,TRUE,0.75,1.25,0.85,1.15,1.05,FALSE,TRUE,"2002,2024",HB,custom,"",
,TRUE,SPB,2018,0.312442214,0.301859836,1.515413545,236,312,,,,,0.33469269,atlantic,modisaquar2022.0_chlpoly4,full,small,small,2018,1,TRUE,1,20,none,average,"","",thresh,symmetric,loess,0.2,"173,365","185,275","190,364",percent_thresh,20,0.1,FALSE,FALSE,FALSE,TRUE,0.75,1.25,0.85,1.15,1.05,FALSE,TRUE,"2002,2024",FP,custom,"",
,TRUE,SPB,2019,0.348339785,0.343596989,1.827748506,249,316,,,,,0.341143747,atlantic,modisaquar2022.0_chlpoly4,full,small,small,2019,1,TRUE,1,20,none,average,"","",thresh,symmetric,loess,0.2,"190,365","185,275","190,364",percent_thresh,20,0.1,FALSE,FALSE,FALSE,TRUE,0.75,1.25,0.85,1.15,1.05,FALSE,TRUE,"2002,2024",SPB,custom,"",
,TRUE,SPB,2020,0.335900107,0.299355235,1.571163841,256,332,,,,,0.334583312,atlantic,modisaquar2022.0_chlpoly4,full,small,small,2020,1,TRUE,1,20,none,average,"","",thresh,symmetric,loess,0.2,"190,365","185,275","190,364",percent_thresh,20,0.1,FALSE,FALSE,FALSE,TRUE,0.75,1.25,0.85,1.15,1.05,FALSE,TRUE,"2002,2024",SES,custom,"",
,TRUE,SPB,2021,0.44162074,0.429129594,1.701313539,257,306,,,,,0.525980665,atlantic,modisaquar2022.0_chlpoly4,full,small,small,2021,1,TRUE,1,20,none,average,"","",thresh,symmetric,loess,0.2,"180,365","185,275","190,364",percent_thresh,20,0.1,FALSE,FALSE,FALSE,TRUE,0.75,1.25,0.85,1.15,1.05,FALSE,TRUE,"2002,2024",AC,custom,"",
,TRUE,SPB,2022,0.364753184,0.384565766,1.562730745,267,311,,,,,0.420137763,atlantic,modisaquar2022.0_chlpoly4,full,small,small,2022,1,TRUE,1,20,none,average,"","",thresh,symmetric,loess,0.2,"173,365","185,275","190,364",percent_thresh,20,0.1,FALSE,FALSE,FALSE,TRUE,0.75,1.25,0.85,1.15,1.05,FALSE,TRUE,"2002,2024",HIB,custom,"",
,TRUE,SES,2003,0.238596001,0.237195113,1.405980338,251,252,273,22,1.881039737,0.116710188,0.248867687,atlantic,modisaquar2022.0_chlpoly4,full,small,small,2003,1,TRUE,1,20,none,average,"","",thresh,symmetric,loess,0.2,"180,365","185,275","190,316",percent_thresh,20,0.1,FALSE,FALSE,FALSE,TRUE,0.75,1.25,0.85,1.15,1.05,FALSE,TRUE,"2002,2024",NENS,custom,"",
,TRUE,SES,2004,0.396683562,0.457193548,1.656300501,260,272,283,23,7.929548397,0.408721907,0.45994339,atlantic,modisaquar2022.0_chlpoly4,full,small,small,2004,1,TRUE,1,20,none,average,"","",thresh,symmetric,loess,0.2,"175,365","185,275","190,315",percent_thresh,20,0.1,FALSE,FALSE,FALSE,TRUE,0.75,1.25,0.85,1.15,1.05,FALSE,TRUE,"2002,2024",SAB,custom,"",
,TRUE,SES,2005,0.324775944,0.271462345,2.121549803,266,319,,,,,0.318752042,atlantic,modisaquar2022.0_chlpoly4,full,small,small,2005,1,TRUE,1,20,none,average,"","",thresh,symmetric,loess,0.2,"175,365","185,275","190,364",percent_thresh,20,0.1,FALSE,FALSE,FALSE,TRUE,0.75,1.25,0.85,1.15,1.05,FALSE,TRUE,"2002,2024",HB,custom,"",
,TRUE,SES,2006,0.213952179,0.225560078,1.819657942,257,258,,,,,0.255585535,atlantic,modisaquar2022.0_chlpoly4,full,small,small,2006,1,TRUE,1,20,none,average,"","",thresh,symmetric,loess,0.2,"175,365","185,275","190,364",percent_thresh,20,0.1,FALSE,FALSE,FALSE,TRUE,0.75,1.25,0.85,1.15,1.05,FALSE,TRUE,"2002,2024",FP,custom,"",
,TRUE,SES,2007,0.149467779,0.121795939,1.701711949,272,339,,,,,0.130737158,atlantic,modisaquar2022.0_chlpoly4,full,small,small,2007,1,TRUE,1,20,none,average,"","",thresh,symmetric,loess,0.2,"200,365","200,275","200,364",percent_thresh,20,0.1,FALSE,FALSE,FALSE,TRUE,0.75,1.25,0.85,1.15,1.05,FALSE,TRUE,"2002,2024",SPB,custom,"",
,TRUE,SES,2008,0.241130556,0.229976743,1.661646023,284,351,,,,,0.239697542,atlantic,modisaquar2022.0_chlpoly4,full,small,small,2008,1,TRUE,1,20,none,average,"","",thresh,symmetric,loess,0.2,"195,365","195,275","195,364",percent_thresh,20,0.1,FALSE,FALSE,FALSE,TRUE,0.75,1.25,0.85,1.15,1.05,FALSE,TRUE,"2002,2024",SES,custom,"",
,TRUE,SES,2009,0.276878625,0.178137223,3.195885512,252,313,,,,,0.178137248,atlantic,modisaquar2022.0_chlpoly4,full,small,small,2009,1,TRUE,1,20,none,average,"","",thresh,symmetric,loess,0.2,"185,365","195,275","195,364",percent_thresh,20,0.1,FALSE,FALSE,FALSE,TRUE,0.75,1.25,0.85,1.15,1.05,FALSE,TRUE,"2002,2024",AC,custom,"",
,TRUE,SES,2010,0.64189433,0.507524678,2.111673317,267,276,,,,,0.562204873,atlantic,modisaquar2022.0_chlpoly4,full,small,small,2010,1,TRUE,1,20,none,average,"","",thresh,symmetric,loess,0.2,"150,365","195,275","195,364",percent_thresh,20,0.1,FALSE,FALSE,FALSE,TRUE,0.75,1.25,0.85,1.15,1.05,FALSE,TRUE,"2002,2024",HIB,custom,"",
,TRUE,SES,2011,0.490184254,0.440623052,1.767706172,264,318,,,,,0.461990712,atlantic,modisaquar2022.0_chlpoly4,full,small,small,2011,1,TRUE,1,20,none,average,"","",thresh,symmetric,loess,0.2,"150,365","195,275","195,364",percent_thresh,20,0.1,FALSE,FALSE,FALSE,TRUE,0.75,1.25,0.85,1.15,1.05,FALSE,TRUE,"2002,2024",NENS,custom,"",
,TRUE,SES,2012,0.277809467,0.252046932,1.951498552,282,319,,,,,0.276957982,atlantic,modisaquar2022.0_chlpoly4,full,small,small,2012,1,TRUE,1,20,none,average,"","",thresh,symmetric,loess,0.2,"190,365","195,275","195,364",percent_thresh,20,0.1,FALSE,FALSE,FALSE,TRUE,0.75,1.25,0.85,1.15,1.05,FALSE,TRUE,"2002,2024",SAB,custom,"",
,TRUE,SES,2013,0.231712436,0.203141705,1.753444189,272,332,,,,,0.214107807,atlantic,modisaquar2022.0_chlpoly4,full,small,small,2013,1,TRUE,1,20,none,average,"","",thresh,symmetric,loess,0.2,"185,365","195,275","195,364",percent_thresh,20,0.1,FALSE,FALSE,FALSE,TRUE,0.75,1.25,0.85,1.15,1.05,FALSE,TRUE,"2002,2024",HB,custom,"",
,TRUE,SES,2014,0.251074983,0.254542575,1.510594087,287,353,,,,,0.280569606,atlantic,modisaquar2022.0_chlpoly4,full,small,small,2014,1,TRUE,1,20,none,average,"","",thresh,symmetric,loess,0.2,"190,365","195,275","195,364",percent_thresh,20,0.1,FALSE,FALSE,FALSE,TRUE,0.75,1.25,0.85,1.15,1.05,FALSE,TRUE,"2002,2024",FP,custom,"",
,TRUE,SES,2015,0.233814867,0.217347113,1.815537885,271,360,,,,,0.234094653,atlantic,modisaquar2022.0_chlpoly4,full,small,small,2015,1,TRUE,1,20,none,average,"","",thresh,symmetric,loess,0.2,"180,365","195,275","195,364",percent_thresh,20,0.1,FALSE,FALSE,FALSE,TRUE,0.75,1.25,0.85,1.15,1.05,FALSE,TRUE,"2002,2024",SPB,custom,"",
,TRUE,SES,2016,0.330488169,0.341845009,1.713645087,275,291,,,,,0.360921065,atlantic,modisaquar2022.0_chlpoly4,full,small,small,2016,1,TRUE,1,20,none,average,"","",thresh,symmetric,loess,0.2,"180,365","195,275","195,364",percent_thresh,20,0.1,FALSE,FALSE,FALSE,TRUE,0.75,1.25,0.85,1.15,1.05,FALSE,TRUE,"2002,2024",SES,custom,"",
,TRUE,SES,2017,0.313981502,0.292865261,2.169117902,257,332,,,,,0.302449463,atlantic,modisaquar2022.0_chlpoly4,full,small,small,2017,1,TRUE,1,20,none,average,"","",thresh,symmetric,loess,0.2,"205,365","205,275","205,364",percent_thresh,20,0.1,FALSE,FALSE,FALSE,TRUE,0.75,1.25,0.85,1.15,1.05,FALSE,TRUE,"2002,2024",AC,custom,"",
,TRUE,SES,2018,0.325998799,0.304619996,1.690381087,266,312,,,,,0.285245485,atlantic,modisaquar2022.0_chlpoly4,full,small,small,2018,1,TRUE,1,20,none,average,"","",thresh,symmetric,loess,0.2,"205,365","205,275","205,364",percent_thresh,20,0.1,FALSE,FALSE,FALSE,TRUE,0.75,1.25,0.85,1.15,1.05,FALSE,TRUE,"2002,2024",HIB,custom,"",
,TRUE,SES,2019,0.294211633,0.240511774,2.099136903,249,311,,,,,0.261180822,atlantic,modisaquar2022.0_chlpoly4,full,small,small,2019,1,TRUE,1,20,none,average,"","",thresh,symmetric,loess,0.2,"185,365","185,275","185,364",percent_thresh,20,0.1,FALSE,FALSE,FALSE,TRUE,0.75,1.25,0.85,1.15,1.05,FALSE,TRUE,"2002,2024",NENS,custom,"",
,TRUE,SES,2020,0.306730923,0.281078267,1.755275928,260,360,,,,,0.302058018,atlantic,modisaquar2022.0_chlpoly4,full,small,small,2020,1,TRUE,1,20,none,average,"","",thresh,symmetric,loess,0.2,"165,365","165,275","165,364",percent_thresh,20,0.1,FALSE,FALSE,FALSE,TRUE,0.75,1.25,0.85,1.15,1.05,FALSE,TRUE,"2002,2024",SAB,custom,"",
,TRUE,SES,2021,0.356450136,0.275335199,2.341134516,265,295,,,,,0.294693791,atlantic,modisaquar2022.0_chlpoly4,full,small,small,2021,1,TRUE,1,20,none,average,"","",thresh,symmetric,loess,0.2,"175,365","175,275","175,364",percent_thresh,20,0.1,FALSE,FALSE,FALSE,TRUE,0.75,1.25,0.85,1.15,1.05,FALSE,TRUE,"2002,2024",HB,custom,"",
,TRUE,SES,2022,0.207740856,0.213838138,1.501401683,259,311,,,,,0.225881629,atlantic,modisaquar2022.0_chlpoly4,full,small,small,2022,1,TRUE,1,20,none,average,"","",thresh,symmetric,loess,0.2,"180,315","180,275","180,314",percent_thresh,20,0.1,FALSE,FALSE,FALSE,TRUE,0.75,1.25,0.85,1.15,1.05,FALSE,TRUE,"2002,2024",FP,custom,"",
,TRUE,AC,2003,0.290632898,0.293984858,1.809325461,245,262,,,,,0.329752487,atlantic,modisaquar2022.0_chlpoly4,full,small,small,2003,1,TRUE,1,20,none,average,"","",thresh,symmetric,loess,0.2,"180,328","180,275","180,327",percent_thresh,20,0.1,FALSE,FALSE,FALSE,TRUE,0.75,1.25,0.85,1.15,1.05,FALSE,TRUE,"2002,2024",SPB,custom,"",
,TRUE,AC,2004,0.404183619,0.431692202,1.73428885,246,284,284,38,14.38632044,0.571613786,0.49946747,atlantic,modisaquar2022.0_chlpoly4,full,small,small,2004,1,TRUE,1,20,none,average,"","",thresh,symmetric,loess,0.2,"180,328","180,275","180,327",percent_thresh,20,0.1,FALSE,FALSE,FALSE,TRUE,0.75,1.25,0.85,1.15,1.05,FALSE,TRUE,"2002,2024",SES,custom,"",
,TRUE,AC,2005,0.376803156,0.442621676,1.850825734,250,272,292,42,14.37674213,0.47955065,0.51131365,atlantic,modisaquar2022.0_chlpoly4,full,small,small,2005,1,TRUE,1,20,none,average,"","",thresh,symmetric,loess,0.2,"170,328","180,275","170,327",percent_thresh,20,0.1,FALSE,FALSE,FALSE,TRUE,0.75,1.25,0.85,1.15,1.05,FALSE,TRUE,"2002,2024",AC,custom,"",
,TRUE,AC,2006,0.424249943,0.431085138,1.783956984,253,327,,,,,0.476713505,atlantic,modisaquar2022.0_chlpoly4,full,small,small,2006,1,TRUE,1,20,none,average,"","",thresh,symmetric,loess,0.2,"170,328","180,275","170,327",percent_thresh,20,0.1,FALSE,FALSE,FALSE,TRUE,0.75,1.25,0.85,1.15,1.05,FALSE,TRUE,"2002,2024",HIB,custom,"",
,TRUE,AC,2007,0.342094903,0.370026524,1.661920876,218,299,,,,,0.38852785,atlantic,modisaquar2022.0_chlpoly4,full,small,small,2007,1,TRUE,1,20,none,average,"","",thresh,symmetric,no,,"180,328","180,275","180,327",percent_thresh,20,0.1,FALSE,FALSE,FALSE,TRUE,0.75,1.25,0.85,1.15,1.05,FALSE,TRUE,"2002,2024",NENS,custom,"",
,TRUE,AC,2008,0.392660548,0.397487779,1.774541121,247,263,304,57,20.31182922,0.823318163,0.415182258,atlantic,modisaquar2022.0_chlpoly4,full,small,small,2008,1,TRUE,1,20,none,average,"","",thresh,symmetric,loess,0.2,"180,328","180,275","180,327",percent_thresh,20,0.1,FALSE,FALSE,FALSE,TRUE,0.75,1.25,0.85,1.15,1.05,FALSE,TRUE,"2002,2024",SAB,custom,"",
,TRUE,AC,2009,0.388475926,0.473686686,1.972448403,240,315,,,,,0.500492165,atlantic,modisaquar2022.0_chlpoly4,full,small,small,2009,1,TRUE,1,20,none,average,"","",thresh,symmetric,loess,0.2,"180,328","180,275","180,327",percent_thresh,20,0.1,FALSE,FALSE,FALSE,TRUE,0.75,1.25,0.85,1.15,1.05,FALSE,TRUE,"2002,2024",HB,custom,"",
,TRUE,AC,2010,0.647388713,0.773700899,1.957574738,260,270,,,,,0.913019707,atlantic,modisaquar2022.0_chlpoly4,full,small,small,2010,1,TRUE,1,20,none,average,"","",thresh,symmetric,loess,0.2,"175,328","175,275","176,327",percent_thresh,20,0.1,FALSE,FALSE,FALSE,TRUE,0.75,1.25,0.85,1.15,1.05,FALSE,TRUE,"2002,2024",FP,custom,"",
,TRUE,AC,2011,0.629827806,0.627784207,1.695519493,252,297,,,,,0.700926372,atlantic,modisaquar2022.0_chlpoly4,full,small,small,2011,1,TRUE,1,20,none,average,"","",thresh,symmetric,loess,0.2,"130,317","175,275","176,300",percent_thresh,20,0.1,FALSE,FALSE,FALSE,TRUE,0.75,1.25,0.85,1.15,1.05,FALSE,TRUE,"2002,2024",SPB,custom,"",
,TRUE,AC,2012,0.299987384,0.344766863,1.793236918,244,317,,,,,0.361494644,atlantic,modisaquar2022.0_chlpoly4,full,small,small,2012,1,TRUE,1,20,none,average,"","",thresh,symmetric,loess,0.2,"150,328","175,275","176,327",percent_thresh,20,0.1,FALSE,FALSE,FALSE,TRUE,0.75,1.25,0.85,1.15,1.05,FALSE,TRUE,"2002,2024",SES,custom,"",
,TRUE,AC,2013,0.323806304,0.342313152,1.641286017,250,304,,,,,0.380973595,atlantic,modisaquar2022.0_chlpoly4,full,small,small,2013,1,TRUE,1,20,none,average,"","",thresh,symmetric,loess,0.2,"150,328","175,275","176,327",percent_thresh,20,0.1,FALSE,FALSE,FALSE,TRUE,0.75,1.25,0.85,1.15,1.05,FALSE,TRUE,"2002,2024",AC,custom,"",
,TRUE,AC,2014,0.307628943,0.336286085,1.516512528,253,319,,,,,0.379145453,atlantic,modisaquar2022.0_chlpoly4,full,small,small,2014,1,TRUE,1,20,none,average,"","",thresh,symmetric,loess,0.2,"175,328","175,275","176,327",percent_thresh,20,0.1,FALSE,FALSE,FALSE,TRUE,0.75,1.25,0.85,1.15,1.05,FALSE,TRUE,"2002,2024",HIB,custom,"",
,TRUE,AC,2015,0.392087299,0.385393186,1.691023648,227,311,,,,,0.404662845,atlantic,modisaquar2022.0_chlpoly4,full,small,small,2015,1,TRUE,1,20,none,average,"","",thresh,symmetric,no,,"180,328","180,275","180,327",percent_thresh,20,0.1,FALSE,FALSE,FALSE,TRUE,0.75,1.25,0.85,1.15,1.05,FALSE,TRUE,"2002,2024",NENS,custom,"",
,TRUE,AC,2016,0.467776655,0.521218122,1.886725442,260,281,,,,,0.566300751,atlantic,modisaquar2022.0_chlpoly4,full,small,small,2016,1,TRUE,1,20,none,average,"","",thresh,symmetric,loess,0.2,"180,328","180,275","180,327",percent_thresh,20,0.1,FALSE,FALSE,FALSE,TRUE,0.75,1.25,0.85,1.15,1.05,FALSE,TRUE,"2002,2024",SAB,custom,"",
,TRUE,AC,2017,0.495140798,0.552311984,1.772644575,236,299,,,,,0.552800538,atlantic,modisaquar2022.0_chlpoly4,full,small,small,2017,1,TRUE,1,20,none,average,"","",thresh,symmetric,loess,0.2,"160,328","180,275","180,327",percent_thresh,20,0.1,FALSE,FALSE,FALSE,TRUE,0.75,1.25,0.85,1.15,1.05,FALSE,TRUE,"2002,2024",HB,custom,"",
,TRUE,AC,2018,0.501428793,0.523852614,1.624749172,248,299,,,,,0.619360966,atlantic,modisaquar2022.0_chlpoly4,full,small,small,2018,1,TRUE,1,20,none,average,"","",thresh,symmetric,loess,0.2,"160,328","180,275","180,327",percent_thresh,20,0.1,FALSE,FALSE,FALSE,TRUE,0.75,1.25,0.85,1.15,1.05,FALSE,TRUE,"2002,2024",FP,custom,"",
,TRUE,AC,2019,0.450113359,0.477844543,2.002726863,237,309,,,,,0.561097549,atlantic,modisaquar2022.0_chlpoly4,full,small,small,2019,1,TRUE,1,20,none,average,"","",thresh,symmetric,loess,0.2,"160,328","180,275","180,327",percent_thresh,20,0.1,FALSE,FALSE,FALSE,TRUE,0.75,1.25,0.85,1.15,1.05,FALSE,TRUE,"2002,2024",SPB,custom,"",
,TRUE,AC,2020,0.509832438,0.509609942,1.88344997,247,288,,,,,0.596689114,atlantic,modisaquar2022.0_chlpoly4,full,small,small,2020,1,TRUE,1,20,none,average,"","",thresh,symmetric,loess,0.2,"145,328","180,275","180,327",percent_thresh,20,0.1,FALSE,FALSE,FALSE,TRUE,0.75,1.25,0.85,1.15,1.05,FALSE,TRUE,"2002,2024",SES,custom,"",
,TRUE,AC,2021,0.568136098,0.605298081,1.927198425,254,303,,,,,0.638177942,atlantic,modisaquar2022.0_chlpoly4,full,small,small,2021,1,TRUE,1,20,none,average,"","",thresh,symmetric,loess,0.2,"180,328","180,275","180,327",percent_thresh,20,0.1,FALSE,FALSE,FALSE,TRUE,0.75,1.25,0.85,1.15,1.05,FALSE,TRUE,"2002,2024",AC,custom,"",
,TRUE,AC,2022,0.478121473,0.620778234,1.844261755,264,308,,,,,0.682906344,atlantic,modisaquar2022.0_chlpoly4,full,small,small,2022,1,TRUE,1,20,none,average,"","",thresh,symmetric,loess,0.2,"180,328","180,275","180,327",percent_thresh,20,0.1,FALSE,FALSE,FALSE,TRUE,0.75,1.25,0.85,1.15,1.05,FALSE,TRUE,"2002,2024",HIB,custom,"",
,TRUE,HIB,2003,0.237562562,0.220285326,1.467145232,261,314,,,,,0.248795332,atlantic,modisaquar2022.0_chlpoly4,full,small,small,2003,1,TRUE,1,20,none,average,"","",thresh,symmetric,loess,0.2,"180,329","180,275","180,328",percent_thresh,20,0.1,FALSE,FALSE,FALSE,TRUE,0.75,1.25,0.85,1.15,1.05,FALSE,TRUE,"2002,2024",NENS,custom,"",
,TRUE,HIB,2004,0.307790692,0.397067678,1.823260685,260,276,279,19,4.976314147,0.308411527,0.42861544,atlantic,modisaquar2022.0_chlpoly4,full,small,small,2004,1,TRUE,1,20,none,average,"","",thresh,symmetric,loess,0.2,"180,329","180,275","180,328",percent_thresh,20,0.1,FALSE,FALSE,FALSE,TRUE,0.75,1.25,0.85,1.15,1.05,FALSE,TRUE,"2002,2024",SAB,custom,"",
,TRUE,HIB,2005,0.268431249,0.28263834,2.152126853,251,315,,,,,0.304663458,atlantic,modisaquar2022.0_chlpoly4,full,small,small,2005,1,TRUE,1,20,none,average,"","",thresh,symmetric,loess,0.2,"175,329","180,275","180,328",percent_thresh,20,0.1,FALSE,FALSE,FALSE,TRUE,0.75,1.25,0.85,1.15,1.05,FALSE,TRUE,"2002,2024",HB,custom,"",
,TRUE,HIB,2006,0.263444704,0.277350732,2.105970666,257,316,,,,,0.275032355,atlantic,modisaquar2022.0_chlpoly4,full,small,small,2006,1,TRUE,1,20,none,average,"","",thresh,symmetric,loess,0.2,"175,329","180,275","180,328",percent_thresh,20,0.1,FALSE,FALSE,FALSE,TRUE,0.75,1.25,0.85,1.15,1.05,FALSE,TRUE,"2002,2024",FP,custom,"",
,TRUE,HIB,2007,0.187285367,0.199578399,1.798538147,248,322,,,,,0.242343916,atlantic,modisaquar2022.0_chlpoly4,full,small,small,2007,1,TRUE,1,20,none,average,"","",thresh,symmetric,loess,0.2,"175,329","180,275","180,328",percent_thresh,20,0.1,FALSE,FALSE,FALSE,TRUE,0.75,1.25,0.85,1.15,1.05,FALSE,TRUE,"2002,2024",SPB,custom,"",
,TRUE,HIB,2008,0.228941328,0.28412705,1.816019997,253,304,,,,,0.298333402,atlantic,modisaquar2022.0_chlpoly4,full,small,small,2008,1,TRUE,1,20,none,average,"","",thresh,symmetric,no,,"175,329","180,275","180,328",percent_thresh,20,0.1,FALSE,FALSE,FALSE,TRUE,0.75,1.25,0.85,1.15,1.05,FALSE,TRUE,"2002,2024",SES,custom,"",
,TRUE,HIB,2009,0.287557738,0.314801814,2.407112541,260,318,,,,,0.321742222,atlantic,modisaquar2022.0_chlpoly4,full,small,small,2009,1,TRUE,1,20,none,average,"","",thresh,symmetric,loess,0.2,"175,329","180,275","180,328",percent_thresh,20,0.1,FALSE,FALSE,FALSE,TRUE,0.75,1.25,0.85,1.15,1.05,FALSE,TRUE,"2002,2024",AC,custom,"",
,TRUE,HIB,2010,0.452287315,0.384043956,1.728426275,260,271,293,33,18.88096543,1.044435625,0.460058435,atlantic,modisaquar2022.0_chlpoly4,full,small,small,2010,1,TRUE,1,20,none,average,"","",thresh,symmetric,loess,0.2,"175,329","180,275","180,328",percent_thresh,20,0.1,FALSE,FALSE,FALSE,TRUE,0.75,1.25,0.85,1.15,1.05,FALSE,TRUE,"2002,2024",HIB,custom,"",
,TRUE,HIB,2011,0.563583229,0.58190172,1.764614671,290,311,,,,,0.667126822,atlantic,modisaquar2022.0_chlpoly4,full,small,small,2011,1,TRUE,1,20,none,average,"","",thresh,symmetric,no,,"175,329","180,275","180,328",percent_thresh,20,0.1,FALSE,FALSE,FALSE,TRUE,0.75,1.25,0.85,1.15,1.05,FALSE,TRUE,"2002,2024",NENS,custom,"",
,TRUE,HIB,2012,0.268688295,0.332943455,1.853681177,229,232,262,33,7.730847498,0.311623244,0.326522168,atlantic,modisaquar2022.0_chlpoly4,full,small,small,2012,1,TRUE,1,20,none,average,"","",thresh,symmetric,loess,0.2,"160,319","180,275","180,310",percent_thresh,20,0.1,FALSE,FALSE,FALSE,TRUE,0.75,1.25,0.85,1.15,1.05,FALSE,TRUE,"2002,2024",SAB,custom,"",
,TRUE,HIB,2013,0.254328033,0.253892679,1.763012828,283,314,,,,,0.265437233,atlantic,modisaquar2022.0_chlpoly4,full,small,small,2013,1,TRUE,1,20,none,average,"","",thresh,symmetric,loess,0.2,"150,329","180,275","180,328",percent_thresh,20,0.1,FALSE,FALSE,FALSE,TRUE,0.75,1.25,0.85,1.15,1.05,FALSE,TRUE,"2002,2024",HB,custom,"",
,TRUE,HIB,2014,0.247392242,0.290409971,1.598316793,242,315,,,,,0.325157751,atlantic,modisaquar2022.0_chlpoly4,full,small,small,2014,1,TRUE,1,20,none,average,"","",thresh,symmetric,loess,0.2,"150,329","180,275","180,328",percent_thresh,20,0.1,FALSE,FALSE,FALSE,TRUE,0.75,1.25,0.85,1.15,1.05,FALSE,TRUE,"2002,2024",FP,custom,"",
,TRUE,HIB,2015,0.194933438,0.217917343,1.686222487,257,326,,,,,0.218592621,atlantic,modisaquar2022.0_chlpoly4,full,small,small,2015,1,TRUE,1,20,none,average,"","",thresh,symmetric,loess,0.2,"175,329","180,275","180,328",percent_thresh,20,0.1,FALSE,FALSE,FALSE,TRUE,0.75,1.25,0.85,1.15,1.05,FALSE,TRUE,"2002,2024",SPB,custom,"",
,TRUE,HIB,2016,0.348271681,0.389630009,1.932402685,255,279,298,43,21.44788748,0.840822922,0.441528236,atlantic,modisaquar2022.0_chlpoly4,full,small,small,2016,1,TRUE,1,20,none,average,"","",thresh,symmetric,loess,0.2,"175,329","180,275","180,328",percent_thresh,20,0.1,FALSE,FALSE,FALSE,TRUE,0.75,1.25,0.85,1.15,1.05,FALSE,TRUE,"2002,2024",SES,custom,"",
,TRUE,HIB,2017,0.246875921,0.209822714,2.217069163,257,299,,,,,0.202526678,atlantic,modisaquar2022.0_chlpoly4,full,small,small,2017,1,TRUE,1,20,none,average,"","",thresh,symmetric,loess,0.2,"175,329","180,275","180,328",percent_thresh,20,0.1,FALSE,FALSE,FALSE,TRUE,0.75,1.25,0.85,1.15,1.05,FALSE,TRUE,"2002,2024",AC,custom,"",
,TRUE,HIB,2018,0.327257718,0.317080166,1.692125467,266,312,,,,,0.283501444,atlantic,modisaquar2022.0_chlpoly4,full,small,small,2018,1,TRUE,1,20,none,average,"","",thresh,symmetric,loess,0.2,"180,329","180,275","180,328",percent_thresh,20,0.1,FALSE,FALSE,FALSE,TRUE,0.75,1.25,0.85,1.15,1.05,FALSE,TRUE,"2002,2024",HIB,custom,"",
,TRUE,HIB,2019,0.324228745,0.272819507,1.964776683,258,304,,,,,0.295772942,atlantic,modisaquar2022.0_chlpoly4,full,small,small,2019,1,TRUE,1,20,none,average,"","",thresh,symmetric,loess,0.2,"180,329","180,275","180,328",percent_thresh,20,0.1,FALSE,FALSE,FALSE,TRUE,0.75,1.25,0.85,1.15,1.05,FALSE,TRUE,"2002,2024",NENS,custom,"",
,TRUE,HIB,2020,0.319183171,0.293404656,1.462011151,260,290,,,,,0.313055033,atlantic,modisaquar2022.0_chlpoly4,full,small,small,2020,1,TRUE,1,20,none,average,"","",thresh,symmetric,loess,0.2,"180,329","180,275","180,328",percent_thresh,20,0.1,FALSE,FALSE,FALSE,TRUE,0.75,1.25,0.85,1.15,1.05,FALSE,TRUE,"2002,2024",SAB,custom,"",
,TRUE,HIB,2021,0.36632747,0.289550649,2.716974729,264,300,,,,,0.301894699,atlantic,modisaquar2022.0_chlpoly4,full,small,small,2021,1,TRUE,1,20,none,average,"","",thresh,symmetric,loess,0.2,"180,329","180,275","180,328",percent_thresh,20,0.1,FALSE,FALSE,FALSE,TRUE,0.75,1.25,0.85,1.15,1.05,FALSE,TRUE,"2002,2024",HB,custom,"",
,TRUE,HIB,2022,0.284932129,0.299417482,1.922651576,259,324,,,,,0.31263414,atlantic,modisaquar2022.0_chlpoly4,full,small,small,2022,1,TRUE,1,20,none,average,"","",thresh,symmetric,loess,0.2,"180,329","180,275","180,328",percent_thresh,20,0.1,FALSE,FALSE,FALSE,TRUE,0.75,1.25,0.85,1.15,1.05,FALSE,TRUE,"2002,2024",FP,custom,"",
,TRUE,NENS,2003,0.295027408,0.211124093,2.044488281,268,299,,,,,0.273268065,atlantic,modisaquar2022.0_chlpoly4,full,small,small,2003,1,TRUE,1,20,none,average,"","",thresh,symmetric,loess,0.2,"190,315","190,275","190,314",percent_thresh,20,0.1,FALSE,FALSE,FALSE,TRUE,0.75,1.25,0.85,1.15,1.05,FALSE,TRUE,"2002,2024",SPB,custom,"",
,TRUE,NENS,2004,0.353569026,0.302420681,1.9593181,255,275,,,,,0.309554718,atlantic,modisaquar2022.0_chlpoly4,full,small,small,2004,1,TRUE,1,20,none,average,"","",thresh,symmetric,loess,0.2,"160,315","190,275","190,314",percent_thresh,20,0.1,FALSE,FALSE,FALSE,TRUE,0.75,1.25,0.85,1.15,1.05,FALSE,TRUE,"2002,2024",SES,custom,"",
,TRUE,NENS,2005,0.33033686,0.316989707,1.853278416,243,303,,,,,0.359735843,atlantic,modisaquar2022.0_chlpoly4,full,small,small,2005,1,TRUE,1,20,none,average,"","",thresh,symmetric,loess,0.2,"180,315","190,275","190,314",percent_thresh,20,0.1,FALSE,FALSE,FALSE,TRUE,0.75,1.25,0.85,1.15,1.05,FALSE,TRUE,"2002,2024",AC,custom,"",
,TRUE,NENS,2006,0.328741044,0.291214948,1.768739743,231,311,,,,,0.309427517,atlantic,modisaquar2022.0_chlpoly4,full,small,small,2006,1,TRUE,1,20,none,average,"","",thresh,symmetric,loess,0.2,"175,315","190,275","190,314",percent_thresh,20,0.1,FALSE,FALSE,FALSE,TRUE,0.75,1.25,0.85,1.15,1.05,FALSE,TRUE,"2002,2024",HIB,custom,"",
,TRUE,NENS,2007,0.319882439,0.285450387,1.826577269,242,285,,,,,0.282840311,atlantic,modisaquar2022.0_chlpoly4,full,small,small,2007,1,TRUE,1,20,none,average,"","",thresh,symmetric,loess,0.2,"175,315","190,275","190,314",percent_thresh,20,0.1,FALSE,FALSE,FALSE,TRUE,0.75,1.25,0.85,1.15,1.05,FALSE,TRUE,"2002,2024",NENS,custom,"",
,TRUE,NENS,2008,0.428230468,0.417744833,1.722731053,253,303,,,,,0.455936695,atlantic,modisaquar2022.0_chlpoly4,full,small,small,2008,1,TRUE,1,20,none,average,"","",thresh,symmetric,loess,0.2,"198,315","198,275","199,314",percent_thresh,20,0.1,FALSE,FALSE,FALSE,TRUE,0.75,1.25,0.85,1.15,1.05,FALSE,TRUE,"2002,2024",SAB,custom,"",
,TRUE,NENS,2009,0.273175118,0.218777289,1.918952447,239,299,,,,,0.232022546,atlantic,modisaquar2022.0_chlpoly4,full,small,small,2009,1,TRUE,1,20,none,average,"","",thresh,symmetric,loess,0.2,"170,315","190,275","190,314",percent_thresh,20,0.1,FALSE,FALSE,FALSE,TRUE,0.75,1.25,0.85,1.15,1.05,FALSE,TRUE,"2002,2024",HB,custom,"",
,TRUE,NENS,2010,0.800375896,0.825183586,2.468938626,262,300,,,,,0.80731331,atlantic,modisaquar2022.0_chlpoly4,full,small,small,2010,1,TRUE,1,20,none,average,"","",thresh,symmetric,loess,0.2,"200,315","200,275","201,314",percent_thresh,20,0.1,FALSE,FALSE,FALSE,TRUE,0.75,1.25,0.85,1.15,1.05,FALSE,TRUE,"2002,2024",FP,custom,"",
,TRUE,NENS,2011,0.467245706,0.420134889,1.642229493,252,291,,,,,0.489925809,atlantic,modisaquar2022.0_chlpoly4,full,small,small,2011,1,TRUE,1,20,none,average,"","",thresh,symmetric,loess,0.2,"180,315","190,275","190,314",percent_thresh,20,0.1,FALSE,FALSE,FALSE,TRUE,0.75,1.25,0.85,1.15,1.05,FALSE,TRUE,"2002,2024",SPB,custom,"",
,TRUE,NENS,2012,0.380640322,0.394663247,1.70442147,240,312,,,,,0.436722102,atlantic,modisaquar2022.0_chlpoly4,full,small,small,2012,1,TRUE,1,20,none,average,"","",thresh,symmetric,loess,0.2,"175,315","190,275","190,314",percent_thresh,20,0.1,FALSE,FALSE,FALSE,TRUE,0.75,1.25,0.85,1.15,1.05,FALSE,TRUE,"2002,2024",SES,custom,"",
,TRUE,NENS,2013,0.326660665,0.304660378,1.728113207,250,306,,,,,0.30883964,atlantic,modisaquar2022.0_chlpoly4,full,small,small,2013,1,TRUE,1,20,none,average,"","",thresh,symmetric,loess,0.2,"190,315","190,275","190,314",percent_thresh,20,0.1,FALSE,FALSE,FALSE,TRUE,0.75,1.25,0.85,1.15,1.05,FALSE,TRUE,"2002,2024",AC,custom,"",
,TRUE,NENS,2014,0.33133133,0.410003883,1.785859068,252,304,,,,,0.457607244,atlantic,modisaquar2022.0_chlpoly4,full,small,small,2014,1,TRUE,1,20,none,average,"","",thresh,symmetric,loess,0.2,"170,315","190,275","190,314",percent_thresh,20,0.1,FALSE,FALSE,FALSE,TRUE,0.75,1.25,0.85,1.15,1.05,FALSE,TRUE,"2002,2024",HIB,custom,"",
,TRUE,NENS,2015,0.506827195,0.44325136,1.868621442,272,289,,,,,0.481566142,atlantic,modisaquar2022.0_chlpoly4,full,small,small,2015,1,TRUE,1,20,none,average,"","",thresh,symmetric,loess,0.2,"170,315","190,275","190,314",percent_thresh,20,0.1,FALSE,FALSE,FALSE,TRUE,0.75,1.25,0.85,1.15,1.05,FALSE,TRUE,"2002,2024",NENS,custom,"",
,TRUE,NENS,2016,0.583009171,0.710222432,2.638032748,257,313,,,,,0.812581059,atlantic,modisaquar2022.0_chlpoly4,full,small,small,2016,1,TRUE,1,20,none,average,"","",thresh,symmetric,loess,0.2,"200,315","200,275","201,314",percent_thresh,20,0.1,FALSE,FALSE,FALSE,TRUE,0.75,1.25,0.85,1.15,1.05,FALSE,TRUE,"2002,2024",SAB,custom,"",
,TRUE,NENS,2017,0.421247809,0.354533011,1.888428517,222,308,,,,,0.389732198,atlantic,modisaquar2022.0_chlpoly4,full,small,small,2017,1,TRUE,1,20,none,average,"","",thresh,symmetric,loess,0.2,"170,315","190,275","190,314",percent_thresh,20,0.1,FALSE,FALSE,FALSE,TRUE,0.75,1.25,0.85,1.15,1.05,FALSE,TRUE,"2002,2024",HB,custom,"",
,TRUE,NENS,2018,0.580694011,0.616988007,1.536651689,224,296,,,,,0.675232949,atlantic,modisaquar2022.0_chlpoly4,full,small,small,2018,1,TRUE,1,20,none,average,"","",thresh,symmetric,loess,0.2,"170,315","190,275","190,314",percent_thresh,20,0.1,FALSE,FALSE,FALSE,TRUE,0.75,1.25,0.85,1.15,1.05,FALSE,TRUE,"2002,2024",FP,custom,"",
,TRUE,NENS,2019,0.628865559,0.441978873,2.666760555,253,311,,,,,0.487863179,atlantic,modisaquar2022.0_chlpoly4,full,small,small,2019,1,TRUE,1,20,none,average,"","",thresh,symmetric,loess,0.2,"190,315","190,275","190,314",percent_thresh,20,0.1,FALSE,FALSE,FALSE,TRUE,0.75,1.25,0.85,1.15,1.05,FALSE,TRUE,"2002,2024",SPB,custom,"",
,TRUE,NENS,2020,0.657472703,0.634105686,1.944847638,247,290,,,,,0.68507962,atlantic,modisaquar2022.0_chlpoly4,full,small,small,2020,1,TRUE,1,20,none,average,"","",thresh,symmetric,loess,0.2,"190,315","190,275","190,314",percent_thresh,20,0.1,FALSE,FALSE,FALSE,TRUE,0.75,1.25,0.85,1.15,1.05,FALSE,TRUE,"2002,2024",SES,custom,"",
,TRUE,NENS,2021,0.740999633,0.656915094,2.168785098,260,307,,,,,0.738500914,atlantic,modisaquar2022.0_chlpoly4,full,small,small,2021,1,TRUE,1,20,none,average,"","",thresh,symmetric,loess,0.2,"190,315","190,275","190,314",percent_thresh,20,0.1,FALSE,FALSE,FALSE,TRUE,0.75,1.25,0.85,1.15,1.05,FALSE,TRUE,"2002,2024",AC,custom,"",
,TRUE,NENS,2022,0.461398774,0.500435827,1.692460515,240,308,,,,,0.519032095,atlantic,modisaquar2022.0_chlpoly4,full,small,small,2022,1,TRUE,1,20,none,average,"","",thresh,symmetric,loess,0.2,"190,315","190,275","190,314",percent_thresh,20,0.1,FALSE,FALSE,FALSE,TRUE,0.75,1.25,0.85,1.15,1.05,FALSE,TRUE,"2002,2024",HIB,custom,"",
,TRUE,SAB,2003,0.330963077,0.281268085,1.702459775,264,290,,,,,0.290427734,atlantic,modisaquar2022.0_chlpoly4,full,small,small,2003,1,TRUE,1,20,none,average,"","",thresh,symmetric,loess,0.2,"190,309","190,275","190,308",percent_thresh,20,0.1,FALSE,FALSE,FALSE,TRUE,0.75,1.25,0.85,1.15,1.05,FALSE,TRUE,"2002,2024",NENS,custom,"",
,TRUE,SAB,2004,0.48166339,0.393735516,1.735812645,242,290,,,,,0.415988817,atlantic,modisaquar2022.0_chlpoly4,full,small,small,2004,1,TRUE,1,20,none,average,"","",thresh,symmetric,loess,0.2,"180,309","190,275","190,308",percent_thresh,20,0.1,FALSE,FALSE,FALSE,TRUE,0.75,1.25,0.85,1.15,1.05,FALSE,TRUE,"2002,2024",SAB,custom,"",
,TRUE,SAB,2005,0.305660911,0.248442762,1.705041627,267,286,,,,,0.244361858,atlantic,modisaquar2022.0_chlpoly4,full,small,small,2005,1,TRUE,1,20,none,average,"","",thresh,symmetric,loess,0.2,"180,309","190,275","190,308",percent_thresh,20,0.1,FALSE,FALSE,FALSE,TRUE,0.75,1.25,0.85,1.15,1.05,FALSE,TRUE,"2002,2024",HB,custom,"",
,TRUE,SAB,2006,0.251914876,0.217822473,1.648493099,258,301,,,,,0.230727685,atlantic,modisaquar2022.0_chlpoly4,full,small,small,2006,1,TRUE,1,20,none,average,"","",thresh,symmetric,loess,0.2,"145,309","190,275","190,308",percent_thresh,20,0.1,FALSE,FALSE,FALSE,TRUE,0.75,1.25,0.85,1.15,1.05,FALSE,TRUE,"2002,2024",FP,custom,"",
,TRUE,SAB,2007,0.360375919,0.385016571,1.696342807,245,264,,,,,0.405340296,atlantic,modisaquar2022.0_chlpoly4,full,small,small,2007,1,TRUE,1,20,none,average,"","",thresh,symmetric,loess,0.2,"195,309","195,275","196,308",percent_thresh,20,0.1,FALSE,FALSE,FALSE,TRUE,0.75,1.25,0.85,1.15,1.05,FALSE,TRUE,"2002,2024",SPB,custom,"",
,TRUE,SAB,2008,0.418543262,0.356182476,2.375638705,261,306,,,,,0.35515434,atlantic,modisaquar2022.0_chlpoly4,full,small,small,2008,1,TRUE,1,20,none,average,"","",thresh,symmetric,loess,0.2,"210,309","210,275","211,308",percent_thresh,20,0.1,FALSE,FALSE,FALSE,TRUE,0.75,1.25,0.85,1.15,1.05,FALSE,TRUE,"2002,2024",SES,custom,"",
,TRUE,SAB,2009,0.326299723,0.280040768,1.60380727,254,286,,,,,0.296412599,atlantic,modisaquar2022.0_chlpoly4,full,small,small,2009,1,TRUE,1,20,none,average,"","",thresh,symmetric,loess,0.2,"200,309","200,275","201,308",percent_thresh,20,0.1,FALSE,FALSE,FALSE,TRUE,0.75,1.25,0.85,1.15,1.05,FALSE,TRUE,"2002,2024",AC,custom,"",
,TRUE,SAB,2010,0.61036433,0.615637716,2.242300594,233,275,,,,,0.590590376,atlantic,modisaquar2022.0_chlpoly4,full,small,small,2010,1,TRUE,1,20,none,average,"","",thresh,symmetric,loess,0.2,"170,309","190,275","190,308",percent_thresh,20,0.1,FALSE,FALSE,FALSE,TRUE,0.75,1.25,0.85,1.15,1.05,FALSE,TRUE,"2002,2024",HIB,custom,"",
,TRUE,SAB,2011,0.423557791,0.336187322,1.849467207,247,275,,,,,0.340404766,atlantic,modisaquar2022.0_chlpoly4,full,small,small,2011,1,TRUE,1,20,none,average,"","",thresh,symmetric,loess,0.2,"180,309","210,300","210,300",percent_thresh,20,0.1,FALSE,FALSE,FALSE,TRUE,0.75,1.25,0.85,1.15,1.05,FALSE,TRUE,"2002,2024",NENS,custom,"",
,TRUE,SAB,2012,0.359400544,0.339631905,1.373350771,273,298,,,,,0.352775874,atlantic,modisaquar2022.0_chlpoly4,full,small,small,2012,1,TRUE,1,20,none,average,"","",thresh,symmetric,loess,0.2,"160,309","210,300","210,300",percent_thresh,20,0.1,FALSE,FALSE,FALSE,TRUE,0.75,1.25,0.85,1.15,1.05,FALSE,TRUE,"2002,2024",SAB,custom,"",
,TRUE,SAB,2013,0.294826321,0.251907789,1.612787595,260,299,,,,,0.254000594,atlantic,modisaquar2022.0_chlpoly4,full,small,small,2013,1,TRUE,1,20,none,average,"","",thresh,symmetric,loess,0.2,"160,309","210,300","210,300",percent_thresh,20,0.1,FALSE,FALSE,FALSE,TRUE,0.75,1.25,0.85,1.15,1.05,FALSE,TRUE,"2002,2024",HB,custom,"",
,TRUE,SAB,2014,0.358362048,0.350470707,1.648581044,242,297,,,,,0.352851121,atlantic,modisaquar2022.0_chlpoly4,full,small,small,2014,1,TRUE,1,20,none,average,"","",thresh,symmetric,loess,0.2,"160,309","210,300","210,300",percent_thresh,20,0.1,FALSE,FALSE,FALSE,TRUE,0.75,1.25,0.85,1.15,1.05,FALSE,TRUE,"2002,2024",FP,custom,"",
,TRUE,SAB,2015,0.50412915,0.475290294,1.628456762,264,288,,,,,0.534177405,atlantic,modisaquar2022.0_chlpoly4,full,small,small,2015,1,TRUE,1,20,none,average,"","",thresh,symmetric,loess,0.2,"180,309","210,300","210,300",percent_thresh,20,0.1,FALSE,FALSE,FALSE,TRUE,0.75,1.25,0.85,1.15,1.05,FALSE,TRUE,"2002,2024",SPB,custom,"",
,TRUE,SAB,2016,0.536254979,0.443198094,2.193579156,256,285,,,,,0.519205903,atlantic,modisaquar2022.0_chlpoly4,full,small,small,2016,1,TRUE,1,20,none,average,"","",thresh,symmetric,loess,0.2,"180,309","210,300","210,300",percent_thresh,20,0.1,FALSE,FALSE,FALSE,TRUE,0.75,1.25,0.85,1.15,1.05,FALSE,TRUE,"2002,2024",SES,custom,"",
,TRUE,SAB,2017,0.540228246,0.4915993,2.170184964,270,298,,,,,0.396182906,atlantic,modisaquar2022.0_chlpoly4,full,small,small,2017,1,TRUE,1,20,none,average,"","",thresh,symmetric,loess,0.2,"220,309","220,300","221,300",percent_thresh,20,0.1,FALSE,FALSE,FALSE,TRUE,0.75,1.25,0.85,1.15,1.05,FALSE,TRUE,"2002,2024",AC,custom,"",
,TRUE,SAB,2018,0.743302536,0.719450791,1.437244189,273,276,,,,,0.771286133,atlantic,modisaquar2022.0_chlpoly4,full,small,small,2018,1,TRUE,1,20,none,average,"","",thresh,symmetric,loess,0.2,"170,309","210,300","210,300",percent_thresh,20,0.1,FALSE,FALSE,FALSE,TRUE,0.75,1.25,0.85,1.15,1.05,FALSE,TRUE,"2002,2024",HIB,custom,"",
,TRUE,SAB,2019,0.654369566,0.549888362,2.067784769,231,290,,,,,0.497834817,atlantic,modisaquar2022.0_chlpoly4,full,small,small,2019,1,TRUE,1,20,none,average,"","",thresh,symmetric,loess,0.2,"190,309","210,300","210,300",percent_thresh,20,0.1,FALSE,FALSE,FALSE,TRUE,0.75,1.25,0.85,1.15,1.05,FALSE,TRUE,"2002,2024",NENS,custom,"",
,TRUE,SAB,2020,0.72002244,0.563341512,2.141911673,257,290,,,,,0.589016093,atlantic,modisaquar2022.0_chlpoly4,full,small,small,2020,1,TRUE,1,20,none,average,"","",thresh,symmetric,loess,0.2,"170,309","210,300","222,308",percent_thresh,20,0.1,FALSE,FALSE,FALSE,TRUE,0.75,1.25,0.85,1.15,1.05,FALSE,TRUE,"2002,2024",SAB,custom,"",
,TRUE,SAB,2021,0.682213758,0.639627215,1.864449713,252,306,,,,,0.655237974,atlantic,modisaquar2022.0_chlpoly4,full,small,small,2021,1,TRUE,1,20,none,average,"","",thresh,symmetric,loess,0.2,"160,309","210,300","210,300",percent_thresh,20,0.1,FALSE,FALSE,FALSE,TRUE,0.75,1.25,0.85,1.15,1.05,FALSE,TRUE,"2002,2024",HB,custom,"",
,TRUE,SAB,2022,0.424148855,0.41804956,1.762047673,284,297,,,,,0.441318648,atlantic,modisaquar2022.0_chlpoly4,full,small,small,2022,1,TRUE,1,20,none,average,"","",thresh,symmetric,loess,0.2,"160,309","210,300","210,300",percent_thresh,20,0.1,FALSE,FALSE,FALSE,TRUE,0.75,1.25,0.85,1.15,1.05,FALSE,TRUE,"2002,2024",FP,custom,"",
,TRUE,HB,2003,0.658636957,0.734611351,1.925830592,265,279,,,,,0.799133239,atlantic,modisaquar2022.0_chlpoly4,full,small,small,2003,1,TRUE,1,20,none,average,"","",thresh,symmetric,loess,0.2,"230,300","240,298","240,299",percent_thresh,20,0.1,FALSE,FALSE,FALSE,TRUE,0.75,1.25,0.85,1.15,1.05,FALSE,TRUE,"2002,2024",SPB,custom,"",
,TRUE,HB,2004,0.562928409,0.5357773,1.676475277,260,276,,,,,0.47777474,atlantic,modisaquar2022.0_chlpoly4,full,small,small,2004,1,TRUE,1,20,none,average,"","",thresh,symmetric,loess,0.2,"210,300","240,298","240,299",percent_thresh,20,0.1,FALSE,FALSE,FALSE,TRUE,0.75,1.25,0.85,1.15,1.05,FALSE,TRUE,"2002,2024",SES,custom,"",
,TRUE,HB,2005,0.316061467,0.290805967,1.778393145,260,286,,,,,0.30885549,atlantic,modisaquar2022.0_chlpoly4,full,small,small,2005,1,TRUE,1,20,none,average,"","",thresh,symmetric,loess,0.2,"210,300","240,298","240,299",percent_thresh,20,0.1,FALSE,FALSE,FALSE,TRUE,0.75,1.25,0.85,1.15,1.05,FALSE,TRUE,"2002,2024",AC,custom,"",
,TRUE,HB,2006,0.258699923,0.204839826,1.715792599,245,289,,,,,0.22830047,atlantic,modisaquar2022.0_chlpoly4,full,small,small,2006,1,TRUE,1,20,none,average,"","",thresh,symmetric,loess,0.2,"190,300","210,298","210,299",percent_thresh,20,0.1,FALSE,FALSE,FALSE,TRUE,0.75,1.25,0.85,1.15,1.05,FALSE,TRUE,"2002,2024",HIB,custom,"",
,TRUE,HB,2007,0.384678817,0.385213392,1.299141414,254,258,274,20,2.035746293,0.218756367,0.418406176,atlantic,modisaquar2022.0_chlpoly4,full,small,small,2007,1,TRUE,1,20,none,average,"","",thresh,symmetric,loess,0.2,"190,300","210,298","210,299",percent_thresh,20,0.1,FALSE,FALSE,FALSE,TRUE,0.75,1.25,0.85,1.15,1.05,FALSE,TRUE,"2002,2024",NENS,custom,"",
,TRUE,HB,2008,0.352702641,0.297041791,1.83611237,260,292,,,,,0.306382705,atlantic,modisaquar2022.0_chlpoly4,full,small,small,2008,1,TRUE,1,20,none,average,"","",thresh,symmetric,loess,0.2,"200,300","210,298","210,299",percent_thresh,20,0.1,FALSE,FALSE,FALSE,TRUE,0.75,1.25,0.85,1.15,1.05,FALSE,TRUE,"2002,2024",SAB,custom,"",
,TRUE,HB,2009,0.541604356,0.518642092,2.026555781,263,290,,,,,0.562936004,atlantic,modisaquar2022.0_chlpoly4,full,small,small,2009,1,TRUE,1,20,none,average,"","",thresh,symmetric,loess,0.2,"225,300","225,298","226,299",percent_thresh,20,0.1,FALSE,FALSE,FALSE,TRUE,0.75,1.25,0.85,1.15,1.05,FALSE,TRUE,"2002,2024",HB,custom,"",
,TRUE,HB,2010,0.700918316,0.658780163,1.662917383,276,277,,,,,0.712941316,atlantic,modisaquar2022.0_chlpoly4,full,small,small,2010,1,TRUE,1,20,none,average,"","",thresh,symmetric,loess,0.2,"225,300","225,298","226,299",percent_thresh,20,0.1,FALSE,FALSE,FALSE,TRUE,0.75,1.25,0.85,1.15,1.05,FALSE,TRUE,"2002,2024",FP,custom,"",
,TRUE,HB,2011,0.522658754,0.432955275,1.944663453,261,272,,,,,0.469050343,atlantic,modisaquar2022.0_chlpoly4,full,small,small,2011,1,TRUE,1,20,none,average,"","",thresh,symmetric,loess,0.2,"205,300","220,298","220,299",percent_thresh,20,0.1,FALSE,FALSE,FALSE,TRUE,0.75,1.25,0.85,1.15,1.05,FALSE,TRUE,"2002,2024",SPB,custom,"",
,TRUE,HB,2012,0.300293762,0.266797033,1.854600897,264,283,,,,,0.280136885,atlantic,modisaquar2022.0_chlpoly4,full,small,small,2012,1,TRUE,1,20,none,average,"","",thresh,symmetric,loess,0.2,"225,300","225,298","226,299",percent_thresh,20,0.1,FALSE,FALSE,FALSE,TRUE,0.75,1.25,0.85,1.15,1.05,FALSE,TRUE,"2002,2024",SES,custom,"",
,TRUE,HB,2013,0.279460113,0.221765959,1.743789853,249,294,,,,,0.230591541,atlantic,modisaquar2022.0_chlpoly4,full,small,small,2013,1,TRUE,1,20,none,average,"","",thresh,symmetric,loess,0.2,"215,300","220,298","220,299",percent_thresh,20,0.1,FALSE,FALSE,FALSE,TRUE,0.75,1.25,0.85,1.15,1.05,FALSE,TRUE,"2002,2024",AC,custom,"",
,TRUE,HB,2014,0.362050277,0.361415506,1.674274862,259,286,,,,,0.378234754,atlantic,modisaquar2022.0_chlpoly4,full,small,small,2014,1,TRUE,1,20,none,average,"","",thresh,symmetric,loess,0.2,"210,300","220,298","220,299",percent_thresh,20,0.1,FALSE,FALSE,FALSE,TRUE,0.75,1.25,0.85,1.15,1.05,FALSE,TRUE,"2002,2024",HIB,custom,"",
,TRUE,HB,2015,0.449055807,0.411732418,1.428280114,248,279,,,,,0.460525781,atlantic,modisaquar2022.0_chlpoly4,full,small,small,2015,1,TRUE,1,20,none,average,"","",thresh,symmetric,loess,0.2,"170,300","220,298","220,299",percent_thresh,20,0.1,FALSE,FALSE,FALSE,TRUE,0.75,1.25,0.85,1.15,1.05,FALSE,TRUE,"2002,2024",NENS,custom,"",
,TRUE,HB,2016,0.634321609,0.512294118,1.857521727,259,272,,,,,0.53672265,atlantic,modisaquar2022.0_chlpoly4,full,small,small,2016,1,TRUE,1,20,none,average,"","",thresh,symmetric,loess,0.2,"180,300","220,298","220,299",percent_thresh,20,0.1,FALSE,FALSE,FALSE,TRUE,0.75,1.25,0.85,1.15,1.05,FALSE,TRUE,"2002,2024",SAB,custom,"",
,TRUE,HB,2017,0.39532951,0.34807035,1.987058601,267,298,,,,,0.342636549,atlantic,modisaquar2022.0_chlpoly4,full,small,small,2017,1,TRUE,1,20,none,average,"","",thresh,symmetric,loess,0.2,"180,300","220,298","220,299",percent_thresh,20,0.1,FALSE,FALSE,FALSE,TRUE,0.75,1.25,0.85,1.15,1.05,FALSE,TRUE,"2002,2024",HB,custom,"",
,TRUE,HB,2018,0.451989884,0.486712183,1.547978804,250,263,,,,,0.452569212,atlantic,modisaquar2022.0_chlpoly4,full,small,small,2018,1,TRUE,1,20,none,average,"","",thresh,symmetric,loess,0.2,"205,300","220,298","220,299",percent_thresh,20,0.1,FALSE,FALSE,FALSE,TRUE,0.75,1.25,0.85,1.15,1.05,FALSE,TRUE,"2002,2024",FP,custom,"",
,TRUE,HB,2019,0.558721093,0.522437855,2.205153339,254,290,,,,,0.548559748,atlantic,modisaquar2022.0_chlpoly4,full,small,small,2019,1,TRUE,1,20,none,average,"","",thresh,symmetric,loess,0.2,"225,300","225,298","226,299",percent_thresh,20,0.1,FALSE,FALSE,FALSE,TRUE,0.75,1.25,0.85,1.15,1.05,FALSE,TRUE,"2002,2024",SPB,custom,"",
,TRUE,HB,2020,0.622444106,0.596955222,2.393828569,255,287,,,,,0.629714775,atlantic,modisaquar2022.0_chlpoly4,full,small,small,2020,1,TRUE,1,20,none,average,"","",thresh,symmetric,loess,0.2,"200,300","220,298","220,299",percent_thresh,20,0.1,FALSE,FALSE,FALSE,TRUE,0.75,1.25,0.85,1.15,1.05,FALSE,TRUE,"2002,2024",SES,custom,"",
,TRUE,HB,2021,0.697325626,0.835040916,2.003187217,261,291,,,,,0.934351865,atlantic,modisaquar2022.0_chlpoly4,full,small,small,2021,1,TRUE,1,20,none,average,"","",thresh,symmetric,loess,0.2,"210,300","220,298","220,299",percent_thresh,20,0.1,FALSE,FALSE,FALSE,TRUE,0.75,1.25,0.85,1.15,1.05,FALSE,TRUE,"2002,2024",AC,custom,"",
,TRUE,HB,2022,0.339251823,0.336971482,1.827308267,263,299,,,,,0.320168065,atlantic,modisaquar2022.0_chlpoly4,full,small,small,2022,1,TRUE,1,20,none,average,"","",thresh,symmetric,loess,0.2,"175,300","220,298","220,299",percent_thresh,20,0.1,FALSE,FALSE,FALSE,TRUE,0.75,1.25,0.85,1.15,1.05,FALSE,TRUE,"2002,2024",HIB,custom,"",
,TRUE,FP,2003,0.378104609,0.29673338,1.954120593,257,291,,,,,0.320805038,atlantic,modisaquar2022.0_chlpoly4,full,small,small,2003,1,TRUE,1,20,none,average,"","",thresh,symmetric,loess,0.2,"180,329","209,320","210,320",percent_thresh,20,0.1,FALSE,FALSE,FALSE,TRUE,0.75,1.25,0.85,1.15,1.05,FALSE,TRUE,"2002,2024",NENS,custom,"",
,TRUE,FP,2004,0.358888033,0.375099682,1.714080785,256,306,,,,,0.399617446,atlantic,modisaquar2022.0_chlpoly4,full,small,small,2004,1,TRUE,1,20,none,average,"","",thresh,symmetric,loess,0.2,"200,329","209,320","210,320",percent_thresh,20,0.1,FALSE,FALSE,FALSE,TRUE,0.75,1.25,0.85,1.15,1.05,FALSE,TRUE,"2002,2024",SAB,custom,"",
,TRUE,FP,2005,0.342589672,0.342320543,2.087830308,265,298,,,,,0.40979581,atlantic,modisaquar2022.0_chlpoly4,full,small,small,2005,1,TRUE,1,20,none,average,"","",thresh,symmetric,loess,0.2,"160,329","209,320","210,320",percent_thresh,20,0.1,FALSE,FALSE,FALSE,TRUE,0.75,1.25,0.85,1.15,1.05,FALSE,TRUE,"2002,2024",HB,custom,"",
,TRUE,FP,2006,0.316102583,0.232165006,1.803073059,273,307,,,,,0.245519211,atlantic,modisaquar2022.0_chlpoly4,full,small,small,2006,1,TRUE,1,20,none,average,"","",thresh,symmetric,loess,0.2,"160,329","209,320","210,320",percent_thresh,20,0.1,FALSE,FALSE,FALSE,TRUE,0.75,1.25,0.85,1.15,1.05,FALSE,TRUE,"2002,2024",FP,custom,"",
,TRUE,FP,2007,0.316102583,0.232165006,1.803073059,273,307,,,,,0.245519211,atlantic,modisaquar2022.0_chlpoly4,full,small,small,2007,1,TRUE,1,20,none,average,"","",thresh,symmetric,loess,0.2,"150,329","209,320","210,320",percent_thresh,20,0.1,FALSE,FALSE,FALSE,TRUE,0.75,1.25,0.85,1.15,1.05,FALSE,TRUE,"2002,2024",SPB,custom,"",
,TRUE,FP,2008,0.346394303,0.431473731,1.852929965,256,289,,,,,0.427988129,atlantic,modisaquar2022.0_chlpoly4,full,small,small,2008,1,TRUE,1,20,none,average,"","",thresh,symmetric,loess,0.2,"150,329","209,320","210,320",percent_thresh,20,0.1,FALSE,FALSE,FALSE,TRUE,0.75,1.25,0.85,1.15,1.05,FALSE,TRUE,"2002,2024",SES,custom,"",
,TRUE,FP,2009,0.346394303,0.431473731,1.852929965,256,289,,,,,0.427988129,atlantic,modisaquar2022.0_chlpoly4,full,small,small,2009,1,TRUE,1,20,none,average,"","",thresh,symmetric,loess,0.2,"185,329","209,320","210,320",percent_thresh,20,0.1,FALSE,FALSE,FALSE,TRUE,0.75,1.25,0.85,1.15,1.05,FALSE,TRUE,"2002,2024",AC,custom,"",
,TRUE,FP,2010,0.688034142,0.833388322,2.761808846,267,315,,,,,0.944852223,atlantic,modisaquar2022.0_chlpoly4,full,small,small,2010,1,TRUE,1,20,none,average,"","",thresh,symmetric,loess,0.2,"185,329","209,320","210,320",percent_thresh,20,0.1,FALSE,FALSE,FALSE,TRUE,0.75,1.25,0.85,1.15,1.05,FALSE,TRUE,"2002,2024",HIB,custom,"",
,TRUE,FP,2011,0.484511387,0.476428085,1.604429889,254,277,290,36,15.91305286,0.770932265,0.494306686,atlantic,modisaquar2022.0_chlpoly4,full,small,small,2011,1,TRUE,1,20,none,average,"","",thresh,symmetric,loess,0.2,"185,329","209,320","210,320",percent_thresh,20,0.1,FALSE,FALSE,FALSE,TRUE,0.75,1.25,0.85,1.15,1.05,FALSE,TRUE,"2002,2024",NENS,custom,"",
,TRUE,FP,2012,0.274618693,0.252276847,1.692954191,272,293,,,,,0.254708408,atlantic,modisaquar2022.0_chlpoly4,full,small,small,2012,1,TRUE,1,20,none,average,"","",thresh,symmetric,loess,0.2,"185,329","209,320","210,320",percent_thresh,20,0.1,FALSE,FALSE,FALSE,TRUE,0.75,1.25,0.85,1.15,1.05,FALSE,TRUE,"2002,2024",SAB,custom,"",
,TRUE,FP,2013,0.276447826,0.217393564,1.937378753,261,296,,,,,0.218236355,atlantic,modisaquar2022.0_chlpoly4,full,small,small,2013,1,TRUE,1,20,none,average,"","",thresh,symmetric,loess,0.2,"190,329","209,320","210,320",percent_thresh,20,0.1,FALSE,FALSE,FALSE,TRUE,0.75,1.25,0.85,1.15,1.05,FALSE,TRUE,"2002,2024",HB,custom,"",
,TRUE,FP,2014,0.323084481,0.334238121,1.889942189,263,296,,,,,0.346211639,atlantic,modisaquar2022.0_chlpoly4,full,small,small,2014,1,TRUE,1,20,none,average,"","",thresh,symmetric,loess,0.2,"150,329","209,320","210,320",percent_thresh,20,0.1,FALSE,FALSE,FALSE,TRUE,0.75,1.25,0.85,1.15,1.05,FALSE,TRUE,"2002,2024",FP,custom,"",
,TRUE,FP,2015,0.28242319,0.231768059,1.925818135,257,284,,,,,0.236587273,atlantic,modisaquar2022.0_chlpoly4,full,small,small,2015,1,TRUE,1,20,none,average,"","",thresh,symmetric,loess,0.2,"160,329","209,320","210,320",percent_thresh,20,0.1,FALSE,FALSE,FALSE,TRUE,0.75,1.25,0.85,1.15,1.05,FALSE,TRUE,"2002,2024",SPB,custom,"",
,TRUE,FP,2016,0.621402222,0.60562801,2.916325552,264,294,,,,,0.712482176,atlantic,modisaquar2022.0_chlpoly4,full,small,small,2016,1,TRUE,1,20,none,average,"","",thresh,symmetric,loess,0.2,"180,329","209,320","210,320",percent_thresh,20,0.1,FALSE,FALSE,FALSE,TRUE,0.75,1.25,0.85,1.15,1.05,FALSE,TRUE,"2002,2024",SES,custom,"",
,TRUE,FP,2017,0.423873707,0.333244793,2.605105662,270,318,,,,,0.372080718,atlantic,modisaquar2022.0_chlpoly4,full,small,small,2017,1,TRUE,1,20,none,average,"","",thresh,symmetric,loess,0.2,"205,329","209,320","210,320",percent_thresh,20,0.1,FALSE,FALSE,FALSE,TRUE,0.75,1.25,0.85,1.15,1.05,FALSE,TRUE,"2002,2024",AC,custom,"",
,TRUE,FP,2018,0.362354826,0.326046743,1.51642444,269,300,,,,,0.335351138,atlantic,modisaquar2022.0_chlpoly4,full,small,small,2018,1,TRUE,1,20,none,average,"","",thresh,symmetric,loess,0.2,"170,329","209,320","210,320",percent_thresh,20,0.1,FALSE,FALSE,FALSE,TRUE,0.75,1.25,0.85,1.15,1.05,FALSE,TRUE,"2002,2024",HIB,custom,"",
,TRUE,FP,2019,0.375624407,0.275726739,1.869137801,259,285,,,,,0.293678011,atlantic,modisaquar2022.0_chlpoly4,full,small,small,2019,1,TRUE,1,20,none,average,"","",thresh,symmetric,loess,0.2,"190,329","209,320","210,320",percent_thresh,20,0.1,FALSE,FALSE,FALSE,TRUE,0.75,1.25,0.85,1.15,1.05,FALSE,TRUE,"2002,2024",NENS,custom,"",
,TRUE,FP,2020,0.357995789,0.343811805,1.53432672,265,280,,,,,0.388783837,atlantic,modisaquar2022.0_chlpoly4,full,small,small,2020,1,TRUE,1,20,none,average,"","",thresh,symmetric,loess,0.2,"160,329","209,320","210,320",percent_thresh,20,0.1,FALSE,FALSE,FALSE,TRUE,0.75,1.25,0.85,1.15,1.05,FALSE,TRUE,"2002,2024",SAB,custom,"",
,TRUE,FP,2021,0.712377425,0.739382311,2.10771546,264,306,,,,,0.791734783,atlantic,modisaquar2022.0_chlpoly4,full,small,small,2021,1,TRUE,1,20,none,average,"","",thresh,symmetric,loess,0.2,"205,329","209,320","210,320",percent_thresh,20,0.1,FALSE,FALSE,FALSE,TRUE,0.75,1.25,0.85,1.15,1.05,FALSE,TRUE,"2002,2024",HB,custom,"",
,TRUE,FP,2022,0.329231836,0.325156657,1.497055714,266,312,,,,,0.351425605,atlantic,modisaquar2022.0_chlpoly4,full,small,small,2022,1,TRUE,1,20,none,average,"","",thresh,symmetric,loess,0.2,"205,329","209,320","210,320",percent_thresh,20,0.1,FALSE,FALSE,FALSE,TRUE,0.75,1.25,0.85,1.15,1.05,FALSE,TRUE,"2002,2024",FP,custom,"",
