datetime_fitted,manual_fit,Region,Year,Mean,Median,StDev,t.start.,t.max_real.,t.max_fit.,t.end.,t.duration.,Magnitude.real.,Magnitude.fit.,Amplitude.real.,Amplitude.fit.,Flags,B0,h,sigma,beta,failure_code,RMSE,settings_region,settings_sat_alg,settings_concentration_type,settings_cell_size_model1,settings_cell_size_model2,settings_year,settings_composite,settings_log_chla,settings_yearday_slide,settings_percent,settings_outlier,settings_dailystat,settings_pixrange1,settings_pixrange2,settings_fitmethod,settings_bloomShape,settings_smoothMethod,settings_loessSpan,settings_t_range,settings_ti_limits,settings_tm_limits,settings_ti_threshold_type,settings_ti_threshold_percent,settings_ti_threshold_constant,settings_tm,settings_beta,settings_use_weights,settings_rm_bkrnd,settings_flag1_lim1,settings_flag1_lim2,settings_flag2_lim1,settings_flag2_lim2,settings_threshcoef,settings_fullrunoutput_png,settings_fullrunoutput_statcsv,settings_fullrunyears,settings_fullrunboxes,settings_box,settings_custom_name,settings_polystr
,TRUE,SPB,2003,0.357063313,0.299082776,2.425222148,101,121,120,139,38,73.32295206,55.61656982,7.088164359,3.356349929,12,-0.318182482,32.50964638,10.47832097,-0.003065138,0,0.09397669,atlantic,modisaquar2022.0_chlpoly4,full,small,small,2003,1,TRUE,1,20,none,average,"","",gauss,symmetric,loess,0.2,"25,185","60,151","90,180",percent_thresh,20,0.1,TRUE,TRUE,TRUE,TRUE,0.75,1.25,0.85,1.15,1.05,FALSE,TRUE,"2002,2024",SPB,custom,"",
,TRUE,SPB,2004,0.476847332,0.397919208,2.39617134,91,122,119,147,56,71.49113755,52.21077363,7.057091613,1.964147383,12,-0.407032046,37.5007726,15.43521757,-0.001846518,0,0.178400951,atlantic,modisaquar2022.0_chlpoly4,full,small,small,2004,1,TRUE,1,20,none,average,"","",gauss,symmetric,loess,0.2,"20,190","60,151","90,180",percent_thresh,20,0.1,TRUE,TRUE,TRUE,TRUE,0.75,1.25,0.85,1.15,1.05,FALSE,TRUE,"2002,2024",SES,custom,"",
,TRUE,SPB,2005,0.388830595,0.318833759,2.503533245,83,106,104,125,42,34.03401969,27.67530634,6.36473865,1.355618624,12,-0.365380981,24.39934037,11.39122728,-0.002803796,0,0.174120685,atlantic,modisaquar2022.0_chlpoly4,full,small,small,2005,1,TRUE,1,20,none,average,"","",gauss,symmetric,loess,0.2,"20,190","60,151","90,180",percent_thresh,20,0.1,TRUE,TRUE,TRUE,TRUE,0.75,1.25,0.85,1.15,1.05,FALSE,TRUE,"2002,2024",AC,custom,"",
,TRUE,SPB,2006,0.37755026,0.287327278,2.566449515,99,121,115,131,32,95.72315326,77.23643706,17.18152282,6.149335124,12,-0.215172387,31.70149953,8.535291383,-0.00402759,0,0.161847313,atlantic,modisaquar2022.0_chlpoly4,full,small,small,2006,1,TRUE,1,20,none,average,"","",gauss,symmetric,loess,0.2,"15,185","60,151","90,180",percent_thresh,20,0.1,TRUE,TRUE,TRUE,TRUE,0.75,1.25,0.85,1.15,1.05,FALSE,TRUE,"2002,2024",HIB,custom,"",
,TRUE,SPB,2007,0.3997714,0.382071488,2.496607369,89,116,112,135,46,44.84175594,38.50399881,3.868773337,1.781539868,1,-0.167249574,29.14511825,12.36055632,-0.00419417,0,0.170250579,atlantic,modisaquar2022.0_chlpoly4,full,small,small,2007,1,TRUE,1,20,none,average,"","",gauss,symmetric,loess,0.2,"20,185","60,151","90,180",percent_thresh,20,0.1,TRUE,TRUE,TRUE,TRUE,0.75,1.25,0.85,1.15,1.05,FALSE,TRUE,"2002,2024",NENS,custom,"",
,TRUE,SPB,2008,0.367286255,0.325058376,1.815863078,100,112,124,148,48,28.91128284,29.35134871,1.220267015,1.23999676,,-0.30222847,27.81868825,13.1686357,-0.003062725,0,0.10240692,atlantic,modisaquar2022.0_chlpoly4,full,small,small,2008,1,TRUE,1,20,none,average,"","",gauss,symmetric,loess,0.2,"30,190","60,151","90,180",percent_thresh,20,0.1,TRUE,TRUE,TRUE,TRUE,0.75,1.25,0.85,1.15,1.05,FALSE,TRUE,"2002,2024",SAB,custom,"",
,TRUE,SPB,2009,0.25608597,0.185117148,2.510903898,92,119,114,136,44,42.83526529,32.61018996,2.996424488,1.580642812,12,-0.420977998,28.09863661,11.85232829,-0.002401315,0,0.125288801,atlantic,modisaquar2022.0_chlpoly4,full,small,small,2009,1,TRUE,1,20,none,average,"","",gauss,symmetric,loess,0.2,"30,235","60,151","90,180",percent_thresh,20,0.1,TRUE,TRUE,TRUE,TRUE,0.75,1.25,0.85,1.15,1.05,FALSE,TRUE,"2002,2024",HB,custom,"",
,TRUE,SPB,2010,0.54629424,0.411662027,2.327058062,48,115,96,144,96,76.53579074,65.84087967,4.249546887,1.420935265,1,-0.676950038,59.36473097,26.3166804,-0.000124556,0,0.192347927,atlantic,modisaquar2022.0_chlpoly4,full,small,small,2010,1,TRUE,1,20,none,average,"","",gauss,symmetric,loess,0.2,"30,190","60,151","90,180",percent_thresh,20,0.1,TRUE,TRUE,TRUE,TRUE,0.75,1.25,0.85,1.15,1.05,FALSE,TRUE,"2002,2024",FP,custom,"",
,TRUE,SPB,2011,0.546885333,0.478698621,2.231290954,89,113,110,131,42,42.68998426,40.91463388,2.679186873,2.035114159,,-0.221167405,24.88050025,11.29582988,-0.002612521,0,0.146783554,atlantic,modisaquar2022.0_chlpoly4,full,small,small,2011,1,TRUE,1,20,none,average,"","",gauss,symmetric,loess,0.2,"1,190","60,151","90,180",percent_thresh,20,0.1,TRUE,TRUE,TRUE,TRUE,0.75,1.25,0.85,1.15,1.05,FALSE,TRUE,"2002,2024",SPB,custom,"",
,TRUE,SPB,2012,0.354640214,0.338517734,2.790097263,89,105,111,133,44,41.16063227,41.44531117,3.715800543,2.107495182,1,-0.408816333,34.10425089,12.00925295,-0.003307468,0,0.124044848,atlantic,modisaquar2022.0_chlpoly4,full,small,small,2012,1,TRUE,1,20,none,average,"","",gauss,symmetric,loess,0.2,"25,182","60,151","90,180",percent_thresh,20,0.1,TRUE,TRUE,TRUE,TRUE,0.75,1.25,0.85,1.15,1.05,FALSE,TRUE,"2002,2024",SES,custom,"",
,TRUE,SPB,2013,0.353771552,0.36999019,2.121889597,97,112,113,129,32,29.86716667,29.42268582,2.80517684,1.997898879,1,-0.127458097,21.52380115,8.596328856,-0.00464578,0,0.108923396,atlantic,modisaquar2022.0_chlpoly4,full,small,small,2013,1,TRUE,1,20,none,average,"","",gauss,symmetric,loess,0.2,"25,182","60,151","90,180",percent_thresh,20,0.1,TRUE,TRUE,TRUE,TRUE,0.75,1.25,0.85,1.15,1.05,FALSE,TRUE,"2002,2024",AC,custom,"",
,TRUE,SPB,2014,0.415723815,0.369419204,2.519308212,103,121,123,143,40,40.28147388,49.0215194,3.33185265,2.813986963,2,-0.143699137,30.66645447,10.65596269,-0.00425243,0,0.167478831,atlantic,modisaquar2022.0_chlpoly4,full,small,small,2014,1,TRUE,1,20,none,average,"","",gauss,symmetric,loess,0.2,"5,185","60,151","90,180",percent_thresh,20,0.1,TRUE,TRUE,TRUE,TRUE,0.75,1.25,0.85,1.15,1.05,FALSE,TRUE,"2002,2024",HIB,custom,"",
,TRUE,SPB,2015,0.36376133,0.375110084,1.764554131,105,124,119,133,28,17.58113225,23.21894009,0.936666947,1.719658356,12,-0.128369025,16.94104765,7.619371815,-0.003889635,0,0.077419446,atlantic,modisaquar2022.0_chlpoly4,full,small,small,2015,1,TRUE,1,20,none,average,"","",gauss,symmetric,loess,0.2,"5,185","60,151","90,180",percent_thresh,20,0.1,TRUE,TRUE,TRUE,TRUE,0.75,1.25,0.85,1.15,1.05,FALSE,TRUE,"2002,2024",NENS,custom,"",
,TRUE,SPB,2016,0.443502997,0.401269517,2.343270217,103,121,120,137,34,36.94454515,32.23171953,2.613680085,2.005031182,,-0.15097927,22.11920121,9.264722815,-0.003733205,0,0.113425349,atlantic,modisaquar2022.0_chlpoly4,full,small,small,2016,1,TRUE,1,20,none,average,"","",gauss,symmetric,loess,0.2,"20,185","60,151","90,180",percent_thresh,20,0.1,TRUE,TRUE,TRUE,TRUE,0.75,1.25,0.85,1.15,1.05,FALSE,TRUE,"2002,2024",SAB,custom,"",
,TRUE,SPB,2017,0.42560677,0.361786278,2.464559695,101,121,121,141,40,50.7942638,48.66723245,3.811525077,2.632646848,1,-0.185318379,28.98645967,11.00871125,-0.003340696,0,0.13248712,atlantic,modisaquar2022.0_chlpoly4,full,small,small,2017,1,TRUE,1,20,none,average,"","",gauss,symmetric,loess,0.2,"20,200","60,151","90,180",percent_thresh,20,0.1,TRUE,TRUE,TRUE,TRUE,0.75,1.25,0.85,1.15,1.05,FALSE,TRUE,"2002,2024",HB,custom,"",
,TRUE,SPB,2018,0.356807115,0.328637858,2.080250795,100,128,120,140,40,34.41653262,45.56276031,1.758160873,2.421571583,12,-0.144964844,27.15056796,10.97306689,-0.003423522,0,0.0985684,atlantic,modisaquar2022.0_chlpoly4,full,small,small,2018,1,TRUE,1,20,none,average,"","",gauss,symmetric,loess,0.2,"20,200","60,151","90,180",percent_thresh,20,0.1,TRUE,TRUE,TRUE,TRUE,0.75,1.25,0.85,1.15,1.05,FALSE,TRUE,"2002,2024",FP,custom,"",
,TRUE,SPB,2019,0.294289916,0.261259781,2.174590508,82,108,107,132,50,43.92755059,31.71932904,2.357719625,1.278944285,12,-0.297560894,27.7252617,13.63954042,-0.00311786,0,0.112812711,atlantic,modisaquar2022.0_chlpoly4,full,small,small,2019,1,TRUE,1,20,none,average,"","",gauss,symmetric,loess,0.2,"25,200","60,151","90,180",percent_thresh,20,0.1,TRUE,TRUE,TRUE,TRUE,0.75,1.25,0.85,1.15,1.05,FALSE,TRUE,"2002,2024",SPB,custom,"",
,TRUE,SPB,2020,0.521913783,0.370467654,2.614113289,97,115,119,141,44,57.49614021,53.08758659,4.647062219,2.688122494,1,-0.343921202,31.63465579,11.80577853,-0.002158873,0,0.140768895,atlantic,modisaquar2022.0_chlpoly4,full,small,small,2020,1,TRUE,1,20,none,average,"","",gauss,symmetric,loess,0.2,"30,200","60,151","90,180",percent_thresh,20,0.1,TRUE,TRUE,TRUE,TRUE,0.75,1.25,0.85,1.15,1.05,FALSE,TRUE,"2002,2024",SES,custom,"",
,TRUE,SPB,2021,0.407660782,0.338832491,2.234619475,101,115,117,133,32,45.29590756,43.476792,4.495328437,3.004289458,1,-0.214401009,23.68293227,8.709021561,-0.003038017,0,0.154304489,atlantic,modisaquar2022.0_chlpoly4,full,small,small,2021,1,TRUE,1,20,none,average,"","",gauss,symmetric,loess,0.2,"30,185","60,151","90,180",percent_thresh,20,0.1,TRUE,TRUE,TRUE,TRUE,0.75,1.25,0.85,1.15,1.05,FALSE,TRUE,"2002,2024",AC,custom,"",
,TRUE,SPB,2022,0.299730014,0.225228358,2.370426038,93,111,109,125,32,93.52734446,77.76510298,6.801203517,5.798194766,2,-0.154650131,29.88980438,8.793567518,-0.003839606,0,0.090183133,atlantic,modisaquar2022.0_chlpoly4,full,small,small,2022,1,TRUE,1,20,none,average,"","",gauss,symmetric,loess,0.2,"30,185","60,151","90,180",percent_thresh,20,0.1,TRUE,TRUE,TRUE,TRUE,0.75,1.25,0.85,1.15,1.05,FALSE,TRUE,"2002,2024",HIB,custom,"",
,TRUE,SPB,2023,0.455215625,0.390551095,1.959060959,90,106,113,136,46,33.65938778,30.21877121,1.501443454,1.282497074,,-0.271495104,23.75630972,12.72567271,-0.002469139,0,0.133030627,atlantic,modisaquar2022.0_chlpoly4,full,small,small,2023,1,TRUE,1,20,none,average,"","",gauss,symmetric,loess,0.2,"20,200","60,151","90,180",percent_thresh,20,0.1,TRUE,TRUE,TRUE,TRUE,0.75,1.25,0.85,1.15,1.05,FALSE,TRUE,"2002,2024",NENS,custom,"",
,TRUE,SES,2003,0.665668025,0.697207193,3.440607816,100,121,123,146,46,97.65959688,74.08042556,12.34533646,3.520447998,12,0.240232184,34.85890412,12.65380444,-0.006151358,0,0.165663663,atlantic,modisaquar2022.0_chlpoly4,full,small,small,2003,1,TRUE,1,20,none,average,"","",gauss,symmetric,loess,0.2,"60,205","60,151","90,180",percent_thresh,20,0.1,TRUE,TRUE,TRUE,TRUE,0.75,1.25,0.85,1.15,1.05,FALSE,TRUE,"2002,2024",SAB,custom,"",
,TRUE,SES,2004,0.489432986,0.480422299,2.371799176,86,113,114,142,56,68.79397601,71.56353879,3.176783076,2.723370081,,-0.173851345,39.88479211,15.51377706,-0.003278026,0,0.116538273,atlantic,modisaquar2022.0_chlpoly4,full,small,small,2004,1,TRUE,1,20,none,average,"","",gauss,symmetric,loess,0.2,"1,190","60,151","90,180",percent_thresh,20,0.1,TRUE,TRUE,TRUE,TRUE,0.75,1.25,0.85,1.15,1.05,FALSE,TRUE,"2002,2024",HB,custom,"",
,TRUE,SES,2005,0.42019607,0.317575356,2.413862591,77,106,100,123,46,44.28252276,48.87627869,2.944159677,2.295248401,,-0.312651396,31.85484058,12.51933238,-0.002974956,0,0.112390569,atlantic,modisaquar2022.0_chlpoly4,full,small,small,2005,1,TRUE,1,20,none,average,"","",gauss,symmetric,loess,0.2,"1,190","60,151","90,180",percent_thresh,20,0.1,TRUE,TRUE,TRUE,TRUE,0.75,1.25,0.85,1.15,1.05,FALSE,TRUE,"2002,2024",FP,custom,"",
,TRUE,SES,2006,0.455654663,0.435816717,3.85944617,75,97,99,123,48,175.5449962,130.9392328,16.21361466,6.770432224,12,-0.234763652,49.86966522,13.23310838,-0.004284962,0,0.163772251,atlantic,modisaquar2022.0_chlpoly4,full,small,small,2006,1,TRUE,1,20,none,average,"","",gauss,symmetric,loess,0.2,"1,190","60,151","90,180",percent_thresh,20,0.1,TRUE,TRUE,TRUE,TRUE,0.75,1.25,0.85,1.15,1.05,FALSE,TRUE,"2002,2024",SPB,custom,"",
,TRUE,SES,2007,0.400789212,0.414161644,3.371211015,97,112,114,131,34,166.6470116,56.90528167,12.71502491,3.95965549,12,0.015831813,28.51024247,9.083479583,-0.005660734,0,0.147345188,atlantic,modisaquar2022.0_chlpoly4,full,small,small,2007,1,TRUE,1,20,none,average,"","",gauss,symmetric,loess,0.2,"1,190","60,151","90,180",percent_thresh,20,0.1,TRUE,TRUE,TRUE,TRUE,0.75,1.25,0.85,1.15,1.05,FALSE,TRUE,"2002,2024",SES,custom,"",
,TRUE,SES,2008,0.648142325,0.503693545,4.431966949,82,114,107,132,50,146.7964302,150.3552225,9.952966058,7.59222924,,-0.087967434,50.8688543,13.50957288,-0.004859376,0,0.18664041,atlantic,modisaquar2022.0_chlpoly4,full,small,small,2008,1,TRUE,1,20,none,average,"","",gauss,symmetric,loess,0.2,"10,200","60,151","90,180",percent_thresh,20,0.1,TRUE,TRUE,TRUE,TRUE,0.75,1.25,0.85,1.15,1.05,FALSE,TRUE,"2002,2024",AC,custom,"",
,TRUE,SES,2009,0.778518848,0.76770593,3.642553948,44,73,90,136,92,312.6728556,103.5575529,27.17828425,2.154196681,125,0.31352765,54.40475498,25.27224941,-0.008604033,0,0.327280586,atlantic,modisaquar2022.0_chlpoly4,full,small,small,2009,1,TRUE,1,5,none,average,"","",gauss,symmetric,loess,0.2,"10,170","60,151","90,169",percent_thresh,20,0.1,TRUE,TRUE,TRUE,TRUE,0.75,1.25,0.85,1.15,1.05,FALSE,TRUE,"2002,2024",HIB,custom,"",
,TRUE,SES,2010,0.704786956,0.536434733,2.876338205,71,85,90,109,38,141.0014937,64.49799195,16.38659838,3.578304826,125,-0.093729637,25.5901694,10.48044363,-0.003088445,0,0.271658148,atlantic,modisaquar2022.0_chlpoly4,full,small,small,2010,1,TRUE,1,20,none,average,"","",gauss,symmetric,loess,0.2,"3,155","60,151","90,154",percent_thresh,20,0.1,TRUE,TRUE,TRUE,TRUE,0.75,1.25,0.85,1.15,1.05,FALSE,TRUE,"2002,2024",NENS,custom,"",
,TRUE,SES,2011,1.309666041,1.69939943,2.150174171,32,85,93,154,122,142.4513357,115.7910366,2.953955789,1.694791662,12,0.249956953,56.3446582,33.75521532,-0.00624924,0,0.155549878,atlantic,modisaquar2022.0_chlpoly4,full,small,small,2011,1,TRUE,1,20,none,average,"","",gauss,symmetric,loess,0.2,"3,155","60,151","90,154",percent_thresh,20,0.1,TRUE,TRUE,TRUE,TRUE,0.75,1.25,0.85,1.15,1.05,FALSE,TRUE,"2002,2024",SAB,custom,"",
,TRUE,SES,2012,0.338598606,0.326352569,2.928385213,73,106,97,121,48,61.90542767,52.99333935,3.441854878,2.30758531,1,-0.118728612,32.46281666,13.31247779,-0.004557326,0,0.130130831,atlantic,modisaquar2022.0_chlpoly4,full,small,small,2012,1,TRUE,1,20,none,average,"","",gauss,symmetric,loess,0.2,"10,210","60,151","90,180",percent_thresh,20,0.1,TRUE,TRUE,TRUE,TRUE,0.75,1.25,0.85,1.15,1.05,FALSE,TRUE,"2002,2024",HB,custom,"",
,TRUE,SES,2013,0.777436379,0.691608466,4.109689073,66,93,99,132,66,176.9373999,199.3318178,10.84570699,7.810258615,1,-0.21456296,71.91621905,17.88811881,-0.004906103,0,0.162638819,atlantic,modisaquar2022.0_chlpoly4,full,small,small,2013,1,TRUE,1,10,none,average,"","",gauss,symmetric,loess,0.2,"3,175","60,151","90,160",percent_thresh,20,0.1,TRUE,TRUE,TRUE,TRUE,0.75,1.25,0.85,1.15,1.05,FALSE,TRUE,"2002,2024",FP,custom,"",
,TRUE,SES,2014,0.99387342,0.748314526,4.197913528,70,112,108,146,76,312.6543595,247.3055783,12.4966281,8.008830492,12,-0.024611751,76.31994228,20.73925959,-0.004859988,0,0.198799355,atlantic,modisaquar2022.0_chlpoly4,full,small,small,2014,1,TRUE,1,20,none,average,"","",gauss,symmetric,loess,0.2,"5,200","60,151","90,180",percent_thresh,20,0.1,TRUE,TRUE,TRUE,TRUE,0.75,1.25,0.85,1.15,1.05,FALSE,TRUE,"2002,2024",SPB,custom,"",
,TRUE,SES,2015,0.375151571,0.404494684,2.095502593,103,131,130,157,54,20.00167663,18.42893362,0.91526944,0.643788225,1,0.155540306,23.29536484,14.67245484,-0.006655536,0,0.096932316,atlantic,modisaquar2022.0_chlpoly4,full,small,small,2015,1,TRUE,1,20,none,average,"","",gauss,symmetric,loess,0.2,"45,190","60,151","90,180",percent_thresh,20,0.1,TRUE,TRUE,TRUE,TRUE,0.75,1.25,0.85,1.15,1.05,FALSE,TRUE,"2002,2024",SES,custom,"",
,TRUE,SES,2016,0.54529305,0.616392881,1.942144294,22,76,76,130,108,58.91740395,43.14012174,1.288387224,0.720512015,124,-0.496127731,38.70204806,30.09827793,,0,0.234569112,atlantic,modisaquar2022.0_chlpoly4,full,small,small,2016,1,TRUE,1,10,none,average,"","",gauss,symmetric,loess,0.2,"1,190","60,151","30,180",percent_thresh,20,0.1,FALSE,FALSE,TRUE,TRUE,0.75,1.25,0.85,1.15,1.05,FALSE,TRUE,"2002,2024",AC,custom,"",
,TRUE,SES,2017,0.612959457,0.605404816,3.076434292,72,115,117,162,90,127.422256,108.6976899,6.12609288,2.55937955,1,-0.065862285,64.08306293,24.80448238,-0.004394894,0,0.150781313,atlantic,modisaquar2022.0_chlpoly4,full,small,small,2017,1,TRUE,1,20,none,average,"","",gauss,symmetric,loess,0.2,"19,205","60,151","90,180",percent_thresh,20,0.1,TRUE,TRUE,TRUE,TRUE,0.75,1.25,0.85,1.15,1.05,FALSE,TRUE,"2002,2024",HIB,custom,"",
,TRUE,SES,2018,0.735893673,0.586996546,2.801660353,75,109,100,125,50,107.1424474,115.1142299,8.000333858,5.100439819,1,-0.095251184,38.58358296,13.73906542,-0.002832635,0,0.167508983,atlantic,modisaquar2022.0_chlpoly4,full,small,small,2018,1,TRUE,1,20,none,average,"","",gauss,symmetric,loess,0.2,"20,200","60,151","90,180",percent_thresh,20,0.1,TRUE,TRUE,TRUE,TRUE,0.75,1.25,0.85,1.15,1.05,FALSE,TRUE,"2002,2024",NENS,custom,"",
,TRUE,SES,2019,0.651673201,0.624190079,2.801664507,80,117,119,158,78,145.8094962,111.8117444,6.055231803,3.225669567,12,-0.127576589,62.93885946,21.30494022,-0.004307287,0,0.173366142,atlantic,modisaquar2022.0_chlpoly4,full,small,small,2019,1,TRUE,1,20,none,average,"","",gauss,symmetric,loess,0.2,"10,200","60,151","90,180",percent_thresh,20,0.1,TRUE,TRUE,TRUE,TRUE,0.75,1.25,0.85,1.15,1.05,FALSE,TRUE,"2002,2024",SAB,custom,"",
,TRUE,SES,2020,1.089418734,0.707106886,3.81654629,88,117,114,140,52,253.696462,220.6773785,14.69082724,10.94101372,1,-0.086070691,56.49885798,14.15526018,-0.003999557,0,0.15975921,atlantic,modisaquar2022.0_chlpoly4,full,small,small,2020,1,TRUE,1,20,none,average,"","",gauss,symmetric,loess,0.2,"10,200","60,151","90,180",percent_thresh,20,0.1,TRUE,TRUE,TRUE,TRUE,0.75,1.25,0.85,1.15,1.05,FALSE,TRUE,"2002,2024",HB,custom,"",
,TRUE,SES,2021,0.347778748,0.267825405,2.578692785,91,110,108,125,34,60.38321228,65.01441034,5.54058223,4.303002224,,-0.173397194,28.05952392,9.414456514,-0.0032668,0,0.142666785,atlantic,modisaquar2022.0_chlpoly4,full,small,small,2021,1,TRUE,1,20,none,average,"","",gauss,symmetric,loess,0.2,"5,220","60,151","90,180",percent_thresh,20,0.1,TRUE,TRUE,TRUE,TRUE,0.75,1.25,0.85,1.15,1.05,FALSE,TRUE,"2002,2024",FP,custom,"",
,TRUE,SES,2022,0.443248739,0.344476604,2.87288528,90,116,111,132,42,81.9427074,68.79488084,3.717644442,3.532477879,2,0.170948223,29.83320622,11.49405115,-0.005552681,0,0.095366087,atlantic,modisaquar2022.0_chlpoly4,full,small,small,2022,1,TRUE,1,20,none,average,"","",gauss,symmetric,loess,0.2,"30,200","60,151","90,180",percent_thresh,20,0.1,TRUE,TRUE,TRUE,TRUE,0.75,1.25,0.85,1.15,1.05,FALSE,TRUE,"2002,2024",SPB,custom,"",
,TRUE,SES,2023,0.665669703,0.938687276,2.777703058,74,106,114,154,80,74.50452998,83.65897008,3.593068035,2.166939859,1,0.016090376,50.6125359,21.7746044,-0.004849972,0,0.127402786,atlantic,modisaquar2022.0_chlpoly4,full,small,small,2023,1,TRUE,1,20,none,average,"","",gauss,symmetric,loess,0.2,"20,215","60,151","90,180",percent_thresh,20,0.1,TRUE,TRUE,TRUE,TRUE,0.75,1.25,0.85,1.15,1.05,FALSE,TRUE,"2002,2024",SES,custom,"",
,TRUE,AC,2003,0.32087854,0.235476318,2.52082943,105,121,127,149,44,58.62980662,58.85403025,5.862033427,3.081359042,1,-0.587529428,37.46278832,12.08188343,-0.001061599,0,0.132257587,atlantic,modisaquar2022.0_chlpoly4,full,small,small,2003,1,TRUE,1,20,none,average,"","",gauss,symmetric,loess,0.2,"30,200","60,151","90,180",percent_thresh,20,0.1,TRUE,TRUE,TRUE,TRUE,0.75,1.25,0.85,1.15,1.05,FALSE,TRUE,"2002,2024",AC,custom,"",
,TRUE,AC,2004,0.412131689,0.343998479,2.23233572,82,103,113,144,62,53.85174382,52.67457847,3.344348791,1.785296913,1,-0.574249446,40.02638423,16.97532453,-0.000547198,0,0.144146659,atlantic,modisaquar2022.0_chlpoly4,full,small,small,2004,1,TRUE,1,20,none,average,"","",gauss,symmetric,loess,0.2,"25,200","60,151","90,180",percent_thresh,20,0.1,TRUE,TRUE,TRUE,TRUE,0.75,1.25,0.85,1.15,1.05,FALSE,TRUE,"2002,2024",HIB,custom,"",
,TRUE,AC,2005,0.347129265,0.286318536,2.079029634,75,106,104,133,58,32.26765384,31.63927493,2.311489868,1.081110104,1,-0.562580111,31.24316217,15.99221743,-0.00100009,0,0.146302736,atlantic,modisaquar2022.0_chlpoly4,full,small,small,2005,1,TRUE,1,20,none,average,"","",gauss,symmetric,loess,0.2,"25,200","60,151","90,180",percent_thresh,20,0.1,TRUE,TRUE,TRUE,TRUE,0.75,1.25,0.85,1.15,1.05,FALSE,TRUE,"2002,2024",NENS,custom,"",
,TRUE,AC,2006,0.429826796,0.29578225,2.833161077,100,114,113,126,26,69.5870429,62.54598205,10.36233323,6.171893229,1,-0.45423596,24.73141346,6.815298012,-0.001657134,0,0.106966258,atlantic,modisaquar2022.0_chlpoly4,full,small,small,2006,1,TRUE,1,20,none,average,"","",gauss,symmetric,loess,0.2,"30,175","60,151","90,174",percent_thresh,20,0.1,TRUE,TRUE,TRUE,TRUE,0.75,1.25,0.85,1.15,1.05,FALSE,TRUE,"2002,2024",SAB,custom,"",
,TRUE,AC,2007,0.308401304,0.202796017,3.322469622,91,117,111,131,40,107.4080698,80.06552188,7.778557714,4.900654609,12,-0.500868865,40.59234043,11.07499428,-0.002304896,0,0.12065352,atlantic,modisaquar2022.0_chlpoly4,full,small,small,2007,1,TRUE,1,20,none,average,"","",gauss,symmetric,loess,0.2,"30,205","60,151","90,180",percent_thresh,20,0.1,TRUE,TRUE,TRUE,TRUE,0.75,1.25,0.85,1.15,1.05,FALSE,TRUE,"2002,2024",HB,custom,"",
,TRUE,AC,2008,0.39533189,0.305612221,2.826214516,103,112,118,133,30,62.83212195,82.97931759,8.281357418,6.96264395,2,-0.361651295,31.41026968,8.22343536,-0.002594716,0,0.12196052,atlantic,modisaquar2022.0_chlpoly4,full,small,small,2008,1,TRUE,1,20,none,average,"","",gauss,symmetric,loess,0.2,"30,185","60,151","90,180",percent_thresh,20,0.1,TRUE,TRUE,TRUE,TRUE,0.75,1.25,0.85,1.15,1.05,FALSE,TRUE,"2002,2024",FP,custom,"",
,TRUE,AC,2009,0.359469787,0.246468461,3.167442316,74,91,103,132,58,86.39365239,65.01313899,4.887389839,2.630375281,12,-0.543434399,48.68323429,15.61358432,-0.002475245,0,0.135930812,atlantic,modisaquar2022.0_chlpoly4,full,small,small,2009,1,TRUE,1,20,none,average,"","",gauss,symmetric,loess,0.2,"25,185","60,151","90,180",percent_thresh,20,0.1,TRUE,TRUE,TRUE,TRUE,0.75,1.25,0.85,1.15,1.05,FALSE,TRUE,"2002,2024",SPB,custom,"",
,TRUE,AC,2010,0.720893432,0.636416307,2.866009444,71,101,98,125,54,102.1568691,84.41578288,19.5196589,3.424748178,12,-0.226368961,41.81595458,14.97541157,-0.003247061,0,0.223782102,atlantic,modisaquar2022.0_chlpoly4,full,small,small,2010,1,TRUE,1,20,none,average,"","",gauss,symmetric,loess,0.2,"20,150","60,151","90,149",percent_thresh,20,0.1,TRUE,TRUE,TRUE,TRUE,0.75,1.25,0.85,1.15,1.05,FALSE,TRUE,"2002,2024",SES,custom,"",
,TRUE,AC,2011,0.608502622,0.434689592,2.642030447,92,113,109,126,34,92.42340645,65.10875717,12.94748236,4.41928881,12,-0.273104897,26.49272602,9.079491888,-0.001970336,0,0.183666036,atlantic,modisaquar2022.0_chlpoly4,full,small,small,2011,1,TRUE,1,20,none,average,"","",gauss,symmetric,loess,0.2,"25,200","60,151","90,180",percent_thresh,20,0.1,TRUE,TRUE,TRUE,TRUE,0.75,1.25,0.85,1.15,1.05,FALSE,TRUE,"2002,2024",AC,custom,"",
,TRUE,AC,2012,0.322164947,0.246804564,2.668613575,89,105,102,115,26,34.15135442,33.02698973,3.684177824,2.92341993,,-0.573309089,21.56880743,7.089606229,-0.001442258,0,0.121225603,atlantic,modisaquar2022.0_chlpoly4,full,small,small,2012,1,TRUE,1,20,none,average,"","",gauss,symmetric,loess,0.2,"25,181","60,151","90,180",percent_thresh,20,0.1,TRUE,TRUE,TRUE,TRUE,0.75,1.25,0.85,1.15,1.05,FALSE,TRUE,"2002,2024",HIB,custom,"",
,TRUE,AC,2013,0.367145395,0.244981723,2.865965273,88,116,110,132,44,83.9038479,50.52481038,10.00965009,2.640852194,12,-0.536575701,33.9785987,11.75130662,-0.001487192,0,0.172273674,atlantic,modisaquar2022.0_chlpoly4,full,small,small,2013,1,TRUE,1,20,none,average,"","",gauss,symmetric,loess,0.2,"25,200","60,151","90,180",percent_thresh,20,0.1,TRUE,TRUE,TRUE,TRUE,0.75,1.25,0.85,1.15,1.05,FALSE,TRUE,"2002,2024",NENS,custom,"",
,TRUE,AC,2014,0.390936771,0.322850345,2.496890157,96,121,118,140,44,75.34620486,74.81131321,3.838956713,3.963942342,,-0.364031711,37.26341258,11.9455449,-0.002176699,0,0.126795766,atlantic,modisaquar2022.0_chlpoly4,full,small,small,2014,1,TRUE,1,20,none,average,"","",gauss,symmetric,loess,0.2,"25,200","60,151","90,180",percent_thresh,20,0.1,TRUE,TRUE,TRUE,TRUE,0.75,1.25,0.85,1.15,1.05,FALSE,TRUE,"2002,2024",SAB,custom,"",
,TRUE,AC,2015,0.365780133,0.330343953,2.559055021,103,126,126,149,46,56.93007131,57.88580101,4.03743769,2.902599731,1,-0.367330636,35.78578274,12.27673816,-0.002395615,0,0.107737149,atlantic,modisaquar2022.0_chlpoly4,full,small,small,2015,1,TRUE,1,20,none,average,"","",gauss,symmetric,loess,0.2,"30,200","60,151","90,180",percent_thresh,20,0.1,TRUE,TRUE,TRUE,TRUE,0.75,1.25,0.85,1.15,1.05,FALSE,TRUE,"2002,2024",HB,custom,"",
,TRUE,AC,2016,0.479952403,0.381040868,2.533699016,102,116,119,136,34,51.03010982,46.37114002,5.493331502,3.087528623,1,-0.186718786,24.38966126,8.998880528,-0.003086744,0,0.106532566,atlantic,modisaquar2022.0_chlpoly4,full,small,small,2016,1,TRUE,1,20,none,average,"","",gauss,symmetric,loess,0.2,"40,200","60,151","90,180",percent_thresh,20,0.1,TRUE,TRUE,TRUE,TRUE,0.75,1.25,0.85,1.15,1.05,FALSE,TRUE,"2002,2024",FP,custom,"",
,TRUE,AC,2017,0.398142139,0.344809092,2.020505814,101,126,127,153,52,44.38793553,42.41515978,2.35748872,1.682117723,1,-0.416533658,32.28005114,14.31838517,-0.001562851,0,0.116612524,atlantic,modisaquar2022.0_chlpoly4,full,small,small,2017,1,TRUE,1,20,none,average,"","",gauss,symmetric,loess,0.2,"55,185","60,151","90,180",percent_thresh,20,0.1,TRUE,TRUE,TRUE,TRUE,0.75,1.25,0.85,1.15,1.05,FALSE,TRUE,"2002,2024",SPB,custom,"",
,TRUE,AC,2018,0.667819165,0.530128704,2.364399238,82,107,109,136,54,66.7052069,73.61838875,5.000355872,2.915330537,1,-0.225704912,38.56118201,14.94228603,-0.002720658,0,0.109232128,atlantic,modisaquar2022.0_chlpoly4,full,small,small,2018,1,TRUE,1,20,none,average,"","",gauss,symmetric,loess,0.2,"40,172","60,151","90,180",percent_thresh,20,0.1,TRUE,TRUE,TRUE,TRUE,0.75,1.25,0.85,1.15,1.05,FALSE,TRUE,"2002,2024",SES,custom,"",
,TRUE,AC,2019,0.423966825,0.347317749,2.152184293,78,117,107,136,58,67.73140689,70.99636971,3.081322798,2.703108829,,-0.450412463,41.40121198,15.64790548,-0.001245236,0,0.142841494,atlantic,modisaquar2022.0_chlpoly4,full,small,small,2019,1,TRUE,1,20,none,average,"","",gauss,symmetric,loess,0.2,"40,200","60,151","90,180",percent_thresh,20,0.1,TRUE,TRUE,TRUE,TRUE,0.75,1.25,0.85,1.15,1.05,FALSE,TRUE,"2002,2024",AC,custom,"",
,TRUE,AC,2020,0.40738904,0.333039618,2.03405795,100,115,114,128,28,26.39029453,25.89264572,2.154396392,1.905570964,,-0.332539903,17.41764075,7.721465446,-0.002007879,0,0.092039125,atlantic,modisaquar2022.0_chlpoly4,full,small,small,2020,1,TRUE,1,20,none,average,"","",gauss,symmetric,loess,0.2,"40,200","60,151","90,180",percent_thresh,20,0.1,TRUE,TRUE,TRUE,TRUE,0.75,1.25,0.85,1.15,1.05,FALSE,TRUE,"2002,2024",HIB,custom,"",
,TRUE,AC,2021,0.337021722,0.303264367,1.941867787,95,115,114,133,38,37.89081366,34.84777059,4.033574501,1.89177746,1,-0.497753164,24.56890223,10.57547697,-0.000855198,0,0.129622281,atlantic,modisaquar2022.0_chlpoly4,full,small,small,2021,1,TRUE,1,20,none,average,"","",gauss,symmetric,loess,0.2,"40,200","60,151","90,180",percent_thresh,20,0.1,TRUE,TRUE,TRUE,TRUE,0.75,1.25,0.85,1.15,1.05,FALSE,TRUE,"2002,2024",NENS,custom,"",
,TRUE,AC,2022,0.34516802,0.352979803,1.815345782,94,109,114,134,40,17.20526061,19.82200528,1.397935576,0.965855454,12,-0.170509772,17.00943187,10.62884237,-0.003241642,0,0.097822011,atlantic,modisaquar2022.0_chlpoly4,full,small,small,2022,1,TRUE,1,20,none,average,"","",gauss,symmetric,loess,0.2,"40,200","60,151","90,180",percent_thresh,20,0.1,TRUE,TRUE,TRUE,TRUE,0.75,1.25,0.85,1.15,1.05,FALSE,TRUE,"2002,2024",SAB,custom,"",
,TRUE,AC,2023,0.372165518,0.329683543,1.978221236,98,106,116,134,36,53.73115855,130.4972675,2.926596768,9.346287264,12,-0.470084305,38.45517289,9.765427264,-0.001021079,0,0.161423337,atlantic,modisaquar2022.0_chlpoly4,full,small,small,2023,1,TRUE,1,20,none,average,"","",gauss,symmetric,loess,0.2,"20,195","60,151","90,180",percent_thresh,20,0.1,TRUE,TRUE,TRUE,TRUE,0.75,1.25,0.85,1.15,1.05,FALSE,TRUE,"2002,2024",HB,custom,"",
,TRUE,HIB,2003,0.485139738,0.494584699,1.842184469,77,109,112,147,70,28.58724618,24.70315705,1.754973246,0.637181789,1,-0.16832952,23.65532681,19.18076154,-0.003130195,0,0.13020576,atlantic,modisaquar2022.0_chlpoly4,full,small,small,2003,1,TRUE,1,20,none,average,"","",gauss,symmetric,loess,0.2,"40,200","60,151","90,180",percent_thresh,20,0.1,TRUE,TRUE,TRUE,TRUE,0.75,1.25,0.85,1.15,1.05,FALSE,TRUE,"2002,2024",FP,custom,"",
,TRUE,HIB,2004,1.05853622,1.095250216,4.139719704,73,118,110,147,74,308.6095403,286.9307263,14.194478,10.50164269,1,-0.63930536,90.14336794,20.26055262,-0.000973277,0,0.194665498,atlantic,modisaquar2022.0_chlpoly4,full,small,small,2004,1,TRUE,1,20,none,average,"","",gauss,symmetric,loess,0.2,"40,200","60,151","90,180",percent_thresh,20,0.1,TRUE,TRUE,TRUE,TRUE,0.75,1.25,0.85,1.15,1.05,FALSE,TRUE,"2002,2024",SPB,custom,"",
,TRUE,HIB,2005,0.392883336,0.317449507,2.670486595,83,112,109,135,52,52.12245829,45.79866166,2.692314887,1.948880114,1,-0.477073499,39.31334817,14.21816225,-0.002757253,0,0.13925475,atlantic,modisaquar2022.0_chlpoly4,full,small,small,2005,1,TRUE,1,20,none,average,"","",gauss,symmetric,loess,0.2,"20,200","60,151","90,180",percent_thresh,20,0.1,TRUE,TRUE,TRUE,TRUE,0.75,1.25,0.85,1.15,1.05,FALSE,TRUE,"2002,2024",SES,custom,"",
,TRUE,HIB,2006,0.411153436,0.375178884,3.946815386,76,108,100,124,48,159.2191037,121.9499358,10.29970634,6.25796766,12,-0.222811108,50.07485156,13.31820004,-0.00466775,0,0.151652347,atlantic,modisaquar2022.0_chlpoly4,full,small,small,2006,1,TRUE,1,20,none,average,"","",gauss,symmetric,loess,0.2,"20,200","60,151","90,180",percent_thresh,20,0.1,TRUE,TRUE,TRUE,TRUE,0.75,1.25,0.85,1.15,1.05,FALSE,TRUE,"2002,2024",AC,custom,"",
,TRUE,HIB,2007,0.519045878,0.340638189,4.722138905,86,112,111,136,50,255.2871396,139.2172428,29.21877832,7.085246453,12,-0.179766814,52.7050393,13.59571935,-0.004539616,0,0.188316461,atlantic,modisaquar2022.0_chlpoly4,full,small,small,2007,1,TRUE,1,20,none,average,"","",gauss,symmetric,loess,0.2,"20,200","60,151","90,180",percent_thresh,20,0.1,TRUE,TRUE,TRUE,TRUE,0.75,1.25,0.85,1.15,1.05,FALSE,TRUE,"2002,2024",HIB,custom,"",
,TRUE,HIB,2008,0.557062214,0.435628995,5.064089378,84,114,114,144,60,379.1824244,168.8703789,16.31204116,7.154025175,12,-0.125367563,65.1003562,16.44590727,-0.005155075,0,0.15173049,atlantic,modisaquar2022.0_chlpoly4,full,small,small,2008,1,TRUE,1,20,none,average,"","",gauss,symmetric,loess,0.2,"20,200","60,151","90,180",percent_thresh,20,0.1,TRUE,TRUE,TRUE,TRUE,0.75,1.25,0.85,1.15,1.05,FALSE,TRUE,"2002,2024",NENS,custom,"",
,TRUE,HIB,2009,0.353395526,0.196014557,4.390616907,66,102,102,138,72,148.3969937,121.545655,10.3580015,4.141953446,12,-0.524649466,74.27363422,19.95725051,-0.003219607,0,0.178045215,atlantic,modisaquar2022.0_chlpoly4,full,small,small,2009,1,TRUE,1,10,none,average,"","",gauss,symmetric,loess,0.2,"20,200","60,151","90,180",percent_thresh,20,0.1,TRUE,TRUE,TRUE,TRUE,0.75,1.25,0.85,1.15,1.05,FALSE,TRUE,"2002,2024",SAB,custom,"",
,TRUE,HIB,2010,1.066250003,0.747837808,2.223545219,63,80,90,117,54,72.06901472,62.23106362,5.939022259,2.275825387,15,-0.193034434,25.42214764,14.4984892,-0.000584143,0,0.21774251,atlantic,modisaquar2022.0_chlpoly4,full,small,small,2010,1,TRUE,1,20,none,average,"","",gauss,symmetric,loess,0.2,"20,175","60,151","90,174",percent_thresh,20,0.1,TRUE,TRUE,TRUE,TRUE,0.75,1.25,0.85,1.15,1.05,FALSE,TRUE,"2002,2024",HB,custom,"",
,TRUE,HIB,2011,1.199507657,1.138102668,2.589582859,96,113,110,124,28,98.62981018,110.0109008,9.725535464,9.453523152,,0.664512242,23.5659647,7.384318764,-0.008529912,0,0.16063057,atlantic,modisaquar2022.0_chlpoly4,full,small,small,2011,1,TRUE,1,20,none,average,"","",gauss,symmetric,loess,0.2,"40,180","60,151","90,180",percent_thresh,20,0.1,TRUE,TRUE,TRUE,TRUE,0.75,1.25,0.85,1.15,1.05,FALSE,TRUE,"2002,2024",FP,custom,"",
,TRUE,HIB,2012,0.349362802,0.259835642,3.366914784,75,107,100,125,50,81.85743997,65.16759919,4.723501208,3.039554757,12,-0.455798349,41.5930132,13.49076795,-0.002650006,0,0.15999857,atlantic,modisaquar2022.0_chlpoly4,full,small,small,2012,1,TRUE,1,20,none,average,"","",gauss,symmetric,loess,0.2,"20,180","60,151","90,180",percent_thresh,20,0.1,TRUE,TRUE,TRUE,TRUE,0.75,1.25,0.85,1.15,1.05,FALSE,TRUE,"2002,2024",SPB,custom,"",
,TRUE,HIB,2013,0.44874766,0.446186235,3.047103557,60,115,104,148,88,86.05566025,85.47812993,2.411372039,2.185487739,,-0.508896134,72.88699771,24.29124734,-0.003077841,0,0.166156359,atlantic,modisaquar2022.0_chlpoly4,full,small,small,2013,1,TRUE,1,5,none,average,"","",gauss,symmetric,loess,0.2,"20,190","60,151","90,180",percent_thresh,20,0.1,TRUE,TRUE,TRUE,TRUE,0.75,1.25,0.85,1.15,1.05,FALSE,TRUE,"2002,2024",SES,custom,"",
,TRUE,HIB,2014,0.441167936,0.435141744,3.338042037,90,104,118,146,56,143.5845952,129.0319613,7.902715029,5.640119189,1,-0.193604648,53.38683714,15.16896412,-0.003743224,0,0.185843099,atlantic,modisaquar2022.0_chlpoly4,full,small,small,2014,1,TRUE,1,20,none,average,"","",gauss,symmetric,loess,0.2,"25,220","60,151","90,180",percent_thresh,20,0.1,TRUE,TRUE,TRUE,TRUE,0.75,1.25,0.85,1.15,1.05,FALSE,TRUE,"2002,2024",AC,custom,"",
,TRUE,HIB,2015,0.3396352,0.274536446,3.715820443,107,135,128,149,42,126.9379066,92.6982797,11.46017496,5.48292881,12,-0.249929396,43.13535819,11.53860885,-0.003814096,0,0.16674328,atlantic,modisaquar2022.0_chlpoly4,full,small,small,2015,1,TRUE,1,20,none,average,"","",gauss,symmetric,loess,0.2,"25,220","60,151","90,180",percent_thresh,20,0.1,TRUE,TRUE,TRUE,TRUE,0.75,1.25,0.85,1.15,1.05,FALSE,TRUE,"2002,2024",HIB,custom,"",
,TRUE,HIB,2016,0.500642944,0.508203678,2.05152713,107,117,129,151,44,39.293846,51.24563793,1.688214146,2.488887358,12,-0.040418681,30.90613846,12.11546832,-0.004166109,0,0.151082565,atlantic,modisaquar2022.0_chlpoly4,full,small,small,2016,1,TRUE,1,20,none,average,"","",gauss,symmetric,loess,0.2,"20,200","60,151","90,180",percent_thresh,20,0.1,TRUE,TRUE,TRUE,TRUE,0.75,1.25,0.85,1.15,1.05,FALSE,TRUE,"2002,2024",NENS,custom,"",
,TRUE,HIB,2017,0.342009966,0.36414758,2.713642239,78,115,124,170,92,150.1545504,100.7328653,6.477126845,2.446302674,12,-0.355752041,71.7484837,25.0900557,-0.00293527,0,0.16267337,atlantic,modisaquar2022.0_chlpoly4,full,small,small,2017,1,TRUE,1,20,none,average,"","",gauss,symmetric,loess,0.2,"5,220","60,151","90,180",percent_thresh,20,0.1,TRUE,TRUE,TRUE,TRUE,0.75,1.25,0.85,1.15,1.05,FALSE,TRUE,"2002,2024",SAB,custom,"",
,TRUE,HIB,2018,0.60048751,0.448395992,3.005313908,82,107,107,132,50,137.7161175,113.4667423,7.073895742,5.139853719,12,-0.225421154,42.4906789,13.89296259,-0.002399853,0,0.143598633,atlantic,modisaquar2022.0_chlpoly4,full,small,small,2018,1,TRUE,1,20,none,average,"","",gauss,symmetric,loess,0.2,"5,220","60,151","90,180",percent_thresh,20,0.1,TRUE,TRUE,TRUE,TRUE,0.75,1.25,0.85,1.15,1.05,FALSE,TRUE,"2002,2024",HB,custom,"",
,TRUE,HIB,2019,0.45464355,0.417806195,2.357207156,92,112,123,154,62,61.88939077,60.94256725,2.311610429,2.093475048,,-0.284477392,43.44179207,17.10824525,-0.002953866,0,0.130496583,atlantic,modisaquar2022.0_chlpoly4,full,small,small,2019,1,TRUE,1,10,none,average,"","",gauss,symmetric,loess,0.2,"5,205","60,151","90,180",percent_thresh,20,0.1,TRUE,TRUE,TRUE,TRUE,0.75,1.25,0.85,1.15,1.05,FALSE,TRUE,"2002,2024",FP,custom,"",
,TRUE,HIB,2020,1.004038587,0.753184023,2.94405174,90,131,121,152,62,213.8977279,194.6409644,8.859655533,7.751980989,,-0.173528965,60.41781086,16.81433952,-0.002927615,0,0.130978521,atlantic,modisaquar2022.0_chlpoly4,full,small,small,2020,1,TRUE,1,20,none,average,"","",gauss,symmetric,loess,0.2,"5,205","60,151","90,180",percent_thresh,20,0.1,TRUE,TRUE,TRUE,TRUE,0.75,1.25,0.85,1.15,1.05,FALSE,TRUE,"2002,2024",SPB,custom,"",
,TRUE,HIB,2021,0.325482903,0.271730379,2.65227177,81,104,105,129,48,81.90500672,79.0851298,5.430184571,3.855744126,1,-0.397215262,43.09019257,13.21884841,-0.002807842,0,0.158187848,atlantic,modisaquar2022.0_chlpoly4,full,small,small,2021,1,TRUE,1,10,none,average,"","",gauss,symmetric,loess,0.2,"10,200","60,151","90,180",percent_thresh,20,0.1,TRUE,TRUE,TRUE,TRUE,0.75,1.25,0.85,1.15,1.05,FALSE,TRUE,"2002,2024",SES,custom,"",
,TRUE,HIB,2022,0.405966012,0.347583963,3.430049825,94,115,115,136,42,55.85780071,51.70221531,4.624994524,2.542084439,1,0.264729188,27.50562523,11.64239866,-0.006516655,0,0.145787509,atlantic,modisaquar2022.0_chlpoly4,full,small,small,2022,1,TRUE,1,20,none,average,"","",gauss,symmetric,loess,0.2,"60,200","60,151","90,180",percent_thresh,20,0.1,FALSE,TRUE,TRUE,TRUE,0.75,1.25,0.85,1.15,1.05,FALSE,TRUE,"2002,2024",AC,custom,"",
,TRUE,HIB,2023,0.694701175,0.728336414,2.601093819,70,106,114,158,88,131.1351043,99.68014414,5.034307291,2.51682462,12,-0.347541917,67.68836518,24.01422078,-0.003001758,0,0.151989119,atlantic,modisaquar2022.0_chlpoly4,full,small,small,2023,1,TRUE,1,20,none,average,"","",gauss,symmetric,loess,0.2,"10,195","60,151","90,180",percent_thresh,20,0.1,TRUE,TRUE,TRUE,TRUE,0.75,1.25,0.85,1.15,1.05,FALSE,TRUE,"2002,2024",HIB,custom,"",
,TRUE,NENS,2003,0.545625144,0.387160136,2.013401251,107,122,136,165,58,45.27021201,46.92481521,2.052351955,1.588155723,,-0.474121277,31.38952936,16.15651144,-0.000149038,0,0.099986169,atlantic,modisaquar2022.0_chlpoly4,full,small,small,2003,1,TRUE,1,20,none,average,"","",gauss,symmetric,loess,0.2,"30,220","60,151","90,180",percent_thresh,20,0.1,TRUE,TRUE,TRUE,TRUE,0.75,1.25,0.85,1.15,1.05,FALSE,TRUE,"2002,2024",NENS,custom,"",
,TRUE,NENS,2004,0.586525211,0.547878557,1.687421023,87,143,123,159,72,36.48889903,41.65516183,1.747932803,1.079491287,1,-0.29998232,27.73041638,19.62127217,-0.000749141,0,0.120024404,atlantic,modisaquar2022.0_chlpoly4,full,small,small,2004,1,TRUE,1,20,none,average,"","",gauss,symmetric,loess,0.2,"30,220","60,151","90,180",percent_thresh,20,0.1,TRUE,TRUE,TRUE,TRUE,0.75,1.25,0.85,1.15,1.05,FALSE,TRUE,"2002,2024",SAB,custom,"",
,TRUE,NENS,2005,0.481007523,0.40328446,1.708290795,87,113,108,129,42,28.13163648,26.89646284,1.496566651,1.227653106,,-0.426441665,18.52684972,11.44427162,-0.00017635,0,0.104006354,atlantic,modisaquar2022.0_chlpoly4,full,small,small,2005,1,TRUE,1,20,none,average,"","",gauss,symmetric,loess,0.2,"30,200","60,151","90,180",percent_thresh,20,0.1,TRUE,TRUE,TRUE,TRUE,0.75,1.25,0.85,1.15,1.05,FALSE,TRUE,"2002,2024",HB,custom,"",
,TRUE,NENS,2006,0.520510432,0.385797118,2.042416013,92,113,111,130,38,53.67080386,47.17794541,5.232048124,2.644178414,1,-0.354532122,23.07118603,10.1239356,-0.000677318,0,0.105744996,atlantic,modisaquar2022.0_chlpoly4,full,small,small,2006,1,TRUE,1,20,none,average,"","",gauss,symmetric,loess,0.2,"30,200","60,151","90,180",percent_thresh,20,0.1,TRUE,TRUE,TRUE,TRUE,0.75,1.25,0.85,1.15,1.05,FALSE,TRUE,"2002,2024",FP,custom,"",
,TRUE,NENS,2007,0.541532081,0.407528273,1.856143702,96,120,130,164,68,55.66439443,41.21991619,3.33975181,1.161828051,12,-0.448630662,30.71272896,18.62172076,-0.00028006,0,0.101743301,atlantic,modisaquar2022.0_chlpoly4,full,small,small,2007,1,TRUE,1,20,none,average,"","",gauss,symmetric,loess,0.2,"30,200","60,151","90,180",percent_thresh,20,0.1,TRUE,TRUE,TRUE,TRUE,0.75,1.25,0.85,1.15,1.05,FALSE,TRUE,"2002,2024",SPB,custom,"",
,TRUE,NENS,2008,0.48874057,0.437193361,1.708410863,91,121,130,169,78,36.44376142,35.25291289,1.808375143,0.832535779,1,-0.510753894,29.55520312,21.47847195,0.00020295,0,0.134010641,atlantic,modisaquar2022.0_chlpoly4,full,small,small,2008,1,TRUE,1,20,none,average,"","",gauss,symmetric,loess,0.2,"20,206","60,151","90,180",percent_thresh,20,0.1,TRUE,TRUE,TRUE,TRUE,0.75,1.25,0.85,1.15,1.05,FALSE,TRUE,"2002,2024",SES,custom,"",
,TRUE,NENS,2009,0.634326866,0.409112152,2.338126221,90,125,124,158,68,68.67149911,53.56389362,8.476155119,1.568991154,12,-0.49421858,36.16662144,18.61430344,-4.43e-05,0,0.183588652,atlantic,modisaquar2022.0_chlpoly4,full,small,small,2009,1,TRUE,1,10,none,average,"","",gauss,symmetric,loess,0.2,"20,205","60,151","90,180",percent_thresh,20,0.1,TRUE,TRUE,TRUE,TRUE,0.75,1.25,0.85,1.15,1.05,FALSE,TRUE,"2002,2024",AC,custom,"",
,TRUE,NENS,2010,0.574482647,0.50805746,1.607732136,89,101,110,131,42,39.47804241,37.21225651,1.891918689,1.721392477,,-0.213132398,18.16041743,11.250617,-0.000755676,0,0.1002927,atlantic,modisaquar2022.0_chlpoly4,full,small,small,2010,1,TRUE,1,10,none,average,"","",gauss,symmetric,loess,0.2,"20,210","60,151","90,180",percent_thresh,20,0.1,TRUE,TRUE,TRUE,TRUE,0.75,1.25,0.85,1.15,1.05,FALSE,TRUE,"2002,2024",HIB,custom,"",
,TRUE,NENS,2011,0.702595376,0.552217541,2.123187129,101,113,116,131,30,73.59752131,56.63001316,8.849829323,4.070555048,12,-0.175539114,19.17559814,8.01466207,-0.001018807,0,0.161184907,atlantic,modisaquar2022.0_chlpoly4,full,small,small,2011,1,TRUE,1,20,none,average,"","",gauss,symmetric,loess,0.2,"20,210","60,151","90,180",percent_thresh,20,0.1,TRUE,TRUE,TRUE,TRUE,0.75,1.25,0.85,1.15,1.05,FALSE,TRUE,"2002,2024",NENS,custom,"",
,TRUE,NENS,2012,0.51211903,0.396601458,1.917358108,76,121,116,156,80,52.29649075,44.55421692,2.882495696,1.039891595,1,-0.410132496,33.19749666,22.09932684,-0.000399157,0,0.108674014,atlantic,modisaquar2022.0_chlpoly4,full,small,small,2012,1,TRUE,1,20,none,average,"","",gauss,symmetric,loess,0.2,"20,210","60,151","90,180",percent_thresh,20,0.1,TRUE,TRUE,TRUE,TRUE,0.75,1.25,0.85,1.15,1.05,FALSE,TRUE,"2002,2024",SAB,custom,"",
,TRUE,NENS,2013,0.474099814,0.417844778,1.706897488,98,122,122,146,48,36.20536272,28.07177327,1.770681604,1.111425313,12,-0.381832568,19.48769078,12.97556252,-0.000373279,0,0.122354243,atlantic,modisaquar2022.0_chlpoly4,full,small,small,2013,1,TRUE,1,10,none,average,"","",gauss,symmetric,loess,0.2,"20,210","60,151","90,180",percent_thresh,20,0.1,TRUE,TRUE,TRUE,TRUE,0.75,1.25,0.85,1.15,1.05,FALSE,TRUE,"2002,2024",HB,custom,"",
,TRUE,NENS,2014,0.399526946,0.356594153,1.749496328,105,135,129,153,48,22.37192737,23.47082433,2.149204497,0.920164583,1,-0.401395585,19.19853163,13.06419492,-0.000702888,0,0.123074241,atlantic,modisaquar2022.0_chlpoly4,full,small,small,2014,1,TRUE,1,10,none,average,"","",gauss,symmetric,loess,0.2,"20,210","60,151","90,180",percent_thresh,20,0.1,TRUE,TRUE,TRUE,TRUE,0.75,1.25,0.85,1.15,1.05,FALSE,TRUE,"2002,2024",FP,custom,"",
,TRUE,NENS,2015,0.472424735,0.402760601,1.957209312,116,134,134,152,36,34.85313942,25.54318683,3.855960883,1.392091145,12,-0.537729592,17.16355732,9.752052772,0.000562561,0,0.153720271,atlantic,modisaquar2022.0_chlpoly4,full,small,small,2015,1,TRUE,1,20,none,average,"","",gauss,symmetric,loess,0.2,"20,210","60,151","90,180",percent_thresh,20,0.1,TRUE,TRUE,TRUE,TRUE,0.75,1.25,0.85,1.15,1.05,FALSE,TRUE,"2002,2024",SPB,custom,"",
,TRUE,NENS,2016,0.597069915,0.479833666,1.908574399,105,124,128,151,46,41.48384481,43.10587569,2.0887388,1.851962741,,-0.205087061,24.75798231,12.70971211,-0.001757939,0,0.085543615,atlantic,modisaquar2022.0_chlpoly4,full,small,small,2016,1,TRUE,1,20,none,average,"","",gauss,symmetric,loess,0.2,"20,210","60,151","90,180",percent_thresh,20,0.1,TRUE,TRUE,TRUE,TRUE,0.75,1.25,0.85,1.15,1.05,FALSE,TRUE,"2002,2024",SES,custom,"",
,TRUE,NENS,2017,0.442982688,0.418961302,1.423876547,111,147,139,167,56,22.96072892,26.88055318,1.245726682,0.865433388,12,-0.391442999,19.94483003,15.59752103,-0.000150919,0,0.093490145,atlantic,modisaquar2022.0_chlpoly4,full,small,small,2017,1,TRUE,1,20,none,average,"","",gauss,symmetric,loess,0.2,"20,217","60,151","90,180",percent_thresh,20,0.1,TRUE,TRUE,TRUE,TRUE,0.75,1.25,0.85,1.15,1.05,FALSE,TRUE,"2002,2024",AC,custom,"",
,TRUE,NENS,2018,0.882088257,0.811663922,2.057734761,101,130,130,159,58,67.55949938,64.13221126,6.923995017,2.207969166,1,-0.169875315,30.74616391,15.81840683,-0.001398653,0,0.149262859,atlantic,modisaquar2022.0_chlpoly4,full,small,small,2018,1,TRUE,1,20,none,average,"","",gauss,symmetric,loess,0.2,"20,185","60,151","90,180",percent_thresh,20,0.1,TRUE,TRUE,TRUE,TRUE,0.75,1.25,0.85,1.15,1.05,FALSE,TRUE,"2002,2024",HIB,custom,"",
,TRUE,NENS,2019,0.520366761,0.433060937,1.793636686,105,134,129,153,48,82.00512751,76.22942275,3.367486865,3.332881177,,-0.374086886,32.21058668,13.29262825,-0.000156499,0,0.058284875,atlantic,modisaquar2022.0_chlpoly4,full,small,small,2019,1,TRUE,1,20,none,average,"","",gauss,symmetric,loess,0.2,"20,215","60,151","90,180",percent_thresh,20,0.1,TRUE,TRUE,TRUE,TRUE,0.75,1.25,0.85,1.15,1.05,FALSE,TRUE,"2002,2024",NENS,custom,"",
,TRUE,NENS,2020,0.504256198,0.398816469,1.694156897,91,117,116,141,50,29.84356813,32.42000886,1.637480871,1.234002488,,-0.386435879,21.70156402,13.675635,-0.000346951,0,0.097399645,atlantic,modisaquar2022.0_chlpoly4,full,small,small,2020,1,TRUE,1,20,none,average,"","",gauss,symmetric,loess,0.2,"20,215","60,151","90,180",percent_thresh,20,0.1,TRUE,TRUE,TRUE,TRUE,0.75,1.25,0.85,1.15,1.05,FALSE,TRUE,"2002,2024",SAB,custom,"",
,TRUE,NENS,2021,0.559040647,0.519804967,1.582796953,83,114,114,145,62,29.02440472,32.40665712,1.277298482,0.939768059,1,-0.285653318,21.35382549,17.21874367,-0.000601187,0,0.097455306,atlantic,modisaquar2022.0_chlpoly4,full,small,small,2021,1,TRUE,1,20,none,average,"","",gauss,symmetric,loess,0.2,"15,210","60,151","90,180",percent_thresh,20,0.1,TRUE,TRUE,TRUE,TRUE,0.75,1.25,0.85,1.15,1.05,FALSE,TRUE,"2002,2024",HB,custom,"",
,TRUE,NENS,2022,0.543430468,0.468454506,1.778172024,99,118,125,151,52,41.67687774,34.94506474,2.642639997,1.298168167,12,-0.431915105,22.323302,13.98761402,0.000180361,0,0.116476354,atlantic,modisaquar2022.0_chlpoly4,full,small,small,2022,1,TRUE,1,20,none,average,"","",gauss,symmetric,loess,0.2,"15,202","60,151","90,180",percent_thresh,20,0.1,TRUE,TRUE,TRUE,TRUE,0.75,1.25,0.85,1.15,1.05,FALSE,TRUE,"2002,2024",FP,custom,"",
,TRUE,NENS,2023,0.937607398,0.877013445,2.783660744,89,143,133,177,88,159.0189562,113.9442341,25.85829574,2.865665944,12,-0.168082608,72.07119651,24.44681471,-0.003916124,0,0.236799345,atlantic,modisaquar2022.0_chlpoly4,full,small,small,2023,1,TRUE,1,20,none,average,"","",gauss,symmetric,loess,0.2,"20,195","60,151","90,180",percent_thresh,20,0.1,TRUE,TRUE,TRUE,TRUE,0.75,1.25,0.85,1.15,1.05,FALSE,TRUE,"2002,2024",SPB,custom,"",
,TRUE,SAB,2003,0.401859565,0.277202435,2.537698167,120,146,145,170,50,132.2756019,115.5605886,8.517645536,5.58034948,1,-0.634217135,47.82244591,13.7324697,6.68e-05,0,0.102432061,atlantic,modisaquar2022.0_chlpoly4,full,small,small,2003,1,TRUE,1,20,none,average,"","",gauss,symmetric,loess,0.2,"30,235","60,151","90,180",percent_thresh,20,0.1,TRUE,TRUE,TRUE,TRUE,0.75,1.25,0.85,1.15,1.05,FALSE,TRUE,"2002,2024",SES,custom,"",
,TRUE,SAB,2004,0.642470099,0.407114291,2.748337251,107,135,132,157,50,75.17584904,73.75603767,4.168965216,3.255280647,,-0.435350417,36.95983789,13.63375542,-0.000727103,0,0.146768678,atlantic,modisaquar2022.0_chlpoly4,full,small,small,2004,1,TRUE,1,20,none,average,"","",gauss,symmetric,loess,0.2,"30,195","60,151","90,180",percent_thresh,20,0.1,TRUE,TRUE,TRUE,TRUE,0.75,1.25,0.85,1.15,1.05,FALSE,TRUE,"2002,2024",AC,custom,"",
,TRUE,SAB,2005,0.340132681,0.258170164,2.028459529,92,123,118,144,52,49.61459067,41.72585385,3.20258286,1.711980369,12,-0.722418407,32.88347836,13.97874181,0.000598422,0,0.139653172,atlantic,modisaquar2022.0_chlpoly4,full,small,small,2005,1,TRUE,1,5,none,average,"","",gauss,symmetric,loess,0.2,"30,250","60,151","90,180",percent_thresh,20,0.1,TRUE,TRUE,TRUE,TRUE,0.75,1.25,0.85,1.15,1.05,FALSE,TRUE,"2002,2024",HIB,custom,"",
,TRUE,SAB,2006,0.545951915,0.28896769,3.309777195,96,122,115,134,38,62.08705599,59.594177,6.523733709,3.736268819,1,-0.797247009,34.14975014,10.33841716,0.000637527,0,0.132156646,atlantic,modisaquar2022.0_chlpoly4,full,small,small,2006,1,TRUE,1,20,none,average,"","",gauss,symmetric,loess,0.2,"30,179","60,151","90,178",percent_thresh,20,0.1,TRUE,TRUE,TRUE,TRUE,0.75,1.25,0.85,1.15,1.05,FALSE,TRUE,"2002,2024",NENS,custom,"",
,TRUE,SAB,2007,0.502657223,0.419824808,2.724404299,97,138,140,183,86,103.7610925,93.80161766,3.861546041,2.442180068,1,-0.607432436,68.98333709,23.71819941,-0.000957021,0,0.126849576,atlantic,modisaquar2022.0_chlpoly4,full,small,small,2007,1,TRUE,1,5,none,average,"","",gauss,symmetric,loess,0.2,"30,210","60,151","90,180",percent_thresh,20,0.1,TRUE,TRUE,TRUE,TRUE,0.75,1.25,0.85,1.15,1.05,FALSE,TRUE,"2002,2024",SAB,custom,"",
,TRUE,SAB,2008,0.334064548,0.234799254,2.164250832,,119,119,,,,,1.767339715,0.991307983,12,0.698970004,4.490327837,4.921617554,-0.006896517,0,0.205880341,atlantic,modisaquar2022.0_chlpoly4,full,small,small,2008,1,TRUE,1,5,none,average,"","",gauss,symmetric,loess,0.2,"30,215","60,151","90,180",percent_thresh,20,0.1,TRUE,TRUE,TRUE,TRUE,0.75,1.25,0.85,1.15,1.05,FALSE,TRUE,"2002,2024",HB,custom,"",
,TRUE,SAB,2009,0.490778526,0.336706151,2.659054674,123,157,150,177,54,72.61022936,65.26933796,3.016743727,2.618839772,,-0.598923647,40.54314244,15.0141962,-0.000148513,0,0.175391782,atlantic,modisaquar2022.0_chlpoly4,full,small,small,2009,1,TRUE,1,5,none,average,"","",gauss,symmetric,loess,0.2,"30,220","60,151","90,180",percent_thresh,20,0.1,TRUE,TRUE,TRUE,TRUE,0.75,1.25,0.85,1.15,1.05,FALSE,TRUE,"2002,2024",FP,custom,"",
,TRUE,SAB,2010,0.425527977,0.401818814,2.35555215,86,133,129,172,86,76.97139471,82.38465957,2.409662892,2.116749913,,-0.181517996,67.31314661,23.53678758,-0.004660202,0,0.09990044,atlantic,modisaquar2022.0_chlpoly4,full,small,small,2010,1,TRUE,1,20,none,average,"","",gauss,symmetric,loess,0.2,"30,185","60,151","90,180",percent_thresh,20,0.1,TRUE,TRUE,TRUE,TRUE,0.75,1.25,0.85,1.15,1.05,FALSE,TRUE,"2002,2024",SPB,custom,"",
,TRUE,SAB,2011,0.796599582,0.602639403,2.584285006,97,122,125,153,56,111.257514,124.4360072,12.73828119,5.119096572,1,-0.294387873,46.00931378,15.20905341,-0.00140338,0,0.156307933,atlantic,modisaquar2022.0_chlpoly4,full,small,small,2011,1,TRUE,1,20,none,average,"","",gauss,symmetric,loess,0.2,"30,200","60,151","90,180",percent_thresh,20,0.1,TRUE,TRUE,TRUE,TRUE,0.75,1.25,0.85,1.15,1.05,FALSE,TRUE,"2002,2024",SES,custom,"",
,TRUE,SAB,2012,0.505281135,0.31500703,2.394489307,101,143,131,161,60,63.30142699,73.02875927,2.926012389,2.669126223,2,-0.751521228,43.68949739,16.37104053,0.001163082,0,0.113172623,atlantic,modisaquar2022.0_chlpoly4,full,small,small,2012,1,TRUE,1,20,none,average,"","",gauss,symmetric,loess,0.2,"30,210","60,151","90,180",percent_thresh,20,0.1,TRUE,TRUE,TRUE,TRUE,0.75,1.25,0.85,1.15,1.05,FALSE,TRUE,"2002,2024",AC,custom,"",
,TRUE,SAB,2013,0.342300895,0.237572333,2.382789408,113,140,136,159,46,47.64691205,49.19606344,2.687827075,2.45985518,,-0.554103999,35.3236646,12.26511851,-0.001264533,0,0.103708446,atlantic,modisaquar2022.0_chlpoly4,full,small,small,2013,1,TRUE,1,20,none,average,"","",gauss,symmetric,loess,0.2,"30,175","60,151","90,180",percent_thresh,20,0.1,TRUE,TRUE,TRUE,TRUE,0.75,1.25,0.85,1.15,1.05,FALSE,TRUE,"2002,2024",HIB,custom,"",
,TRUE,SAB,2014,0.308891256,0.209054334,2.520542426,117,137,140,163,46,40.13643295,37.36488696,1.682170326,1.813615222,,-0.518622804,33.8293408,12.40052984,-0.001958595,0,0.087257367,atlantic,modisaquar2022.0_chlpoly4,full,small,small,2014,1,TRUE,1,10,none,average,"","",gauss,symmetric,loess,0.2,"30,179","60,151","90,180",percent_thresh,20,0.1,TRUE,TRUE,TRUE,TRUE,0.75,1.25,0.85,1.15,1.05,FALSE,TRUE,"2002,2024",NENS,custom,"",
,TRUE,SAB,2015,0.661488975,0.707804804,2.843389723,113,134,135,157,44,76.29084861,59.59995794,6.509090251,3.101226491,12,-1.411500372,37.75757882,12.12923252,0.005087218,0,0.183390942,atlantic,modisaquar2022.0_chlpoly4,full,small,small,2015,1,TRUE,1,5,none,average,"","",gauss,symmetric,loess,0.2,"30,185","60,151","90,180",percent_thresh,20,0.1,TRUE,TRUE,TRUE,TRUE,0.75,1.25,0.85,1.15,1.05,FALSE,TRUE,"2002,2024",SAB,custom,"",
,TRUE,SAB,2016,0.51073663,0.316904831,2.962730102,114,131,134,154,40,56.01271524,49.53523101,3.90640411,2.858651268,1,-0.831807349,31.5384094,10.71849337,0.001076359,0,0.124338513,atlantic,modisaquar2022.0_chlpoly4,full,small,small,2016,1,TRUE,1,20,none,average,"","",gauss,symmetric,loess,0.2,"30,190","60,151","90,180",percent_thresh,20,0.1,TRUE,TRUE,TRUE,TRUE,0.75,1.25,0.85,1.15,1.05,FALSE,TRUE,"2002,2024",HB,custom,"",
,TRUE,SAB,2017,0.36221525,0.318297049,1.822843944,102,145,135,168,66,59.44275614,65.3993861,2.143816449,2.119624492,,-0.712740088,44.466164,17.99977831,0.000747093,0,0.114079105,atlantic,modisaquar2022.0_chlpoly4,full,small,small,2017,1,TRUE,1,10,none,average,"","",gauss,symmetric,loess,0.2,"30,220","60,151","90,180",percent_thresh,20,0.1,TRUE,TRUE,TRUE,TRUE,0.75,1.25,0.85,1.15,1.05,FALSE,TRUE,"2002,2024",FP,custom,"",
,TRUE,SAB,2018,1.233044333,0.954814234,3.074959094,104,132,133,162,58,159.4501773,139.3636461,11.00200301,5.322826773,1,-0.723724648,43.47202789,15.79606532,0.002917823,0,0.172813043,atlantic,modisaquar2022.0_chlpoly4,full,small,small,2018,1,TRUE,1,20,none,average,"","",gauss,symmetric,loess,0.2,"30,184","60,151","90,180",percent_thresh,20,0.1,TRUE,TRUE,TRUE,TRUE,0.75,1.25,0.85,1.15,1.05,FALSE,TRUE,"2002,2024",SPB,custom,"",
,TRUE,SAB,2019,0.498170738,0.402528736,2.368152571,93,153,141,189,96,84.66745498,82.14917248,2.710068998,1.841607675,1,-0.720267702,69.5986225,26.57974361,-0.000128284,0,0.152081322,atlantic,modisaquar2022.0_chlpoly4,full,small,small,2019,1,TRUE,1,10,none,average,"","",gauss,symmetric,loess,0.2,"10,200","60,151","90,180",percent_thresh,20,0.1,TRUE,TRUE,TRUE,TRUE,0.75,1.25,0.85,1.15,1.05,FALSE,TRUE,"2002,2024",SES,custom,"",
,TRUE,SAB,2020,0.57071725,0.521903387,2.370640255,111,120,125,139,28,42.45390212,59.06813832,6.106153233,4.661343555,2,-0.413695765,22.31436071,7.793630409,-0.000220323,0,0.184106913,atlantic,modisaquar2022.0_chlpoly4,full,small,small,2020,1,TRUE,1,10,none,average,"","",gauss,symmetric,loess,0.2,"10,181","60,151","90,180",percent_thresh,20,0.1,TRUE,TRUE,TRUE,TRUE,0.75,1.25,0.85,1.15,1.05,FALSE,TRUE,"2002,2024",AC,custom,"",
,TRUE,SAB,2021,0.490543181,0.353244323,2.039549402,82,115,120,158,76,57.2543627,59.90658321,1.875381708,1.62120567,,-0.401019374,47.46456621,20.97958888,-0.001947086,0,0.090383727,atlantic,modisaquar2022.0_chlpoly4,full,small,small,2021,1,TRUE,1,20,none,average,"","",gauss,symmetric,loess,0.2,"10,171","60,151","90,170",percent_thresh,20,0.1,TRUE,TRUE,TRUE,TRUE,0.75,1.25,0.85,1.15,1.05,FALSE,TRUE,"2002,2024",HIB,custom,"",
,TRUE,SAB,2022,0.506501872,0.421236256,2.926828755,104,125,129,154,50,57.88203279,52.36455127,3.196293377,2.377927782,1,-0.618786868,41.75107726,13.80235322,-0.001425831,0,0.103203663,atlantic,modisaquar2022.0_chlpoly4,full,small,small,2022,1,TRUE,1,5,none,average,"","",gauss,symmetric,loess,0.2,"20,173","60,151","90,170",percent_thresh,20,0.1,TRUE,TRUE,TRUE,TRUE,0.75,1.25,0.85,1.15,1.05,FALSE,TRUE,"2002,2024",NENS,custom,"",
,TRUE,SAB,2023,0.803407816,0.903258433,3.017332625,95,139,138,181,86,139.0693762,128.2375694,9.187856943,3.485951185,1,-0.333975091,78.61397111,23.757139,-0.003061857,0,0.155491809,atlantic,modisaquar2022.0_chlpoly4,full,small,small,2023,1,TRUE,1,20,none,average,"","",gauss,symmetric,loess,0.2,"20,195","60,151","90,170",percent_thresh,20,0.1,TRUE,TRUE,TRUE,TRUE,0.75,1.25,0.85,1.15,1.05,FALSE,TRUE,"2002,2024",SAB,custom,"",
,TRUE,HB,2003,0.512218383,0.324926555,3.827273807,134,146,153,172,38,243.2791619,152.5874784,37.47040141,10.45432145,12,-0.618694041,41.95502817,10.35016145,0.000205673,0,0.215358936,atlantic,modisaquar2022.0_chlpoly4,full,small,small,2003,1,TRUE,1,5,none,average,"","",gauss,symmetric,loess,0.2,"30,230","60,151","90,180",percent_thresh,20,0.1,TRUE,TRUE,TRUE,TRUE,0.75,1.25,0.85,1.15,1.05,FALSE,TRUE,"2002,2024",HB,custom,"",
,TRUE,HB,2004,0.475964358,0.39216646,1.906608888,137,160,156,175,38,33.20834198,27.94271163,1.462956962,1.492512081,2,-0.553206272,18.71523276,10.0471398,0.000452152,0,0.108082654,atlantic,modisaquar2022.0_chlpoly4,full,small,small,2004,1,TRUE,1,20,none,average,"","",gauss,symmetric,loess,0.2,"30,230","60,151","90,180",percent_thresh,20,0.1,TRUE,TRUE,TRUE,TRUE,0.75,1.25,0.85,1.15,1.05,FALSE,TRUE,"2002,2024",FP,custom,"",
,TRUE,HB,2005,0.395590715,0.286683195,2.500925107,106,130,144,182,76,115.987624,79.3752903,7.990002848,2.32572105,12,-0.557981023,61.01682039,21.05088855,-0.001391686,0,0.145684816,atlantic,modisaquar2022.0_chlpoly4,full,small,small,2005,1,TRUE,1,20,none,average,"","",gauss,symmetric,loess,0.2,"30,215","60,151","90,180",percent_thresh,20,0.1,TRUE,TRUE,TRUE,TRUE,0.75,1.25,0.85,1.15,1.05,FALSE,TRUE,"2002,2024",SPB,custom,"",
,TRUE,HB,2006,0.514202789,0.345145006,3.241564631,89,129,126,163,74,116.4524873,93.32872384,7.399640938,2.879791319,12,-0.786275354,63.29635216,20.49086651,0.000313601,0,0.189200391,atlantic,modisaquar2022.0_chlpoly4,full,small,small,2006,1,TRUE,1,20,none,average,"","",gauss,symmetric,loess,0.2,"30,210","60,151","90,180",percent_thresh,20,0.1,TRUE,TRUE,TRUE,TRUE,0.75,1.25,0.85,1.15,1.05,FALSE,TRUE,"2002,2024",SES,custom,"",
,TRUE,HB,2007,0.333900696,0.292855275,2.058959411,134,160,167,200,66,37.05252196,29.79722067,2.68577304,0.862094793,12,-0.980219119,31.93410063,18.37295638,0.001920264,0,0.144305479,atlantic,modisaquar2022.0_chlpoly4,full,small,small,2007,1,TRUE,1,10,none,average,"","",gauss,symmetric,loess,0.2,"40,215","60,151","90,180",percent_thresh,20,0.1,TRUE,TRUE,TRUE,TRUE,0.75,1.25,0.85,1.15,1.05,FALSE,TRUE,"2002,2024",AC,custom,"",
,TRUE,HB,2008,0.374242626,0.287586926,2.322962995,114,135,139,164,50,75.39143545,74.94129062,3.796844603,3.467459263,,-0.91447788,43.50611858,13.77079363,0.00157291,0,0.137306561,atlantic,modisaquar2022.0_chlpoly4,full,small,small,2008,1,TRUE,1,5,none,average,"","",gauss,symmetric,loess,0.2,"40,215","60,151","90,180",percent_thresh,20,0.1,TRUE,TRUE,TRUE,TRUE,0.75,1.25,0.85,1.15,1.05,FALSE,TRUE,"2002,2024",HIB,custom,"",
,TRUE,HB,2009,0.428836354,0.325415133,2.562167561,144,166,166,188,44,50.62994118,52.33288808,3.759957123,2.60956852,1,-0.841497029,32.82328306,12.08386111,0.001275949,0,0.147106766,atlantic,modisaquar2022.0_chlpoly4,full,small,small,2009,1,TRUE,1,5,none,average,"","",gauss,symmetric,loess,0.2,"40,240","60,151","90,180",percent_thresh,20,0.1,TRUE,TRUE,TRUE,TRUE,0.75,1.25,0.85,1.15,1.05,FALSE,TRUE,"2002,2024",NENS,custom,"",
,TRUE,HB,2010,0.752915213,0.689159298,2.452364197,100,138,136,172,72,100.8116856,97.86562115,4.576763465,2.838157308,1,-0.689361636,48.39577905,20.00956553,0.001671637,0,0.153980646,atlantic,modisaquar2022.0_chlpoly4,full,small,small,2010,1,TRUE,1,5,none,average,"","",gauss,symmetric,loess,0.2,"40,225","60,151","90,180",percent_thresh,20,0.1,TRUE,TRUE,TRUE,TRUE,0.75,1.25,0.85,1.15,1.05,FALSE,TRUE,"2002,2024",SAB,custom,"",
,TRUE,HB,2011,0.511618082,0.33564682,2.576602599,128,158,149,170,42,86.80214207,59.42527676,6.118502444,3.046490174,12,-0.489741061,30.73006154,11.65358794,-0.000255759,0,0.180449776,atlantic,modisaquar2022.0_chlpoly4,full,small,small,2011,1,TRUE,1,20,none,average,"","",gauss,symmetric,loess,0.2,"75,210","60,151","90,180",percent_thresh,20,0.1,TRUE,TRUE,TRUE,TRUE,0.75,1.25,0.85,1.15,1.05,FALSE,TRUE,"2002,2024",HB,custom,"",
,TRUE,HB,2012,0.342482422,0.266926569,2.400521442,105,143,143,181,76,67.05089796,70.37189216,2.351336938,2.069398217,,-0.881324646,58.07803513,20.70373796,0.000785957,0,0.12438052,atlantic,modisaquar2022.0_chlpoly4,full,small,small,2012,1,TRUE,1,10,none,average,"","",gauss,symmetric,loess,0.2,"75,230","60,151","90,180",percent_thresh,20,0.1,TRUE,TRUE,TRUE,TRUE,0.75,1.25,0.85,1.15,1.05,FALSE,TRUE,"2002,2024",FP,custom,"",
,TRUE,HB,2013,0.291813587,0.217326978,2.361912674,114,140,144,174,60,54.9347379,54.30583352,4.275338835,2.107586383,1,-0.630272026,50.94283441,16.31364272,-0.001849561,0,0.135378967,atlantic,modisaquar2022.0_chlpoly4,full,small,small,2013,1,TRUE,1,10,none,average,"","",gauss,symmetric,loess,0.2,"50,185","60,151","90,180",percent_thresh,20,0.1,TRUE,TRUE,TRUE,TRUE,0.75,1.25,0.85,1.15,1.05,FALSE,TRUE,"2002,2024",SPB,custom,"",
,TRUE,HB,2014,0.320587192,0.205463077,2.437117669,138,164,162,186,48,58.38150938,48.72599661,2.514892969,2.242471973,2,-0.850429621,37.95102306,13.33172449,0.000608026,0,0.099459185,atlantic,modisaquar2022.0_chlpoly4,full,small,small,2014,1,TRUE,1,5,none,average,"","",gauss,symmetric,loess,0.2,"30,220","60,151","90,180",percent_thresh,20,0.1,TRUE,TRUE,TRUE,TRUE,0.75,1.25,0.85,1.15,1.05,FALSE,TRUE,"2002,2024",SES,custom,"",
,TRUE,HB,2015,0.851906477,0.83807181,2.6846204,127,149,146,165,38,64.94278717,60.55056815,5.352117671,3.453452805,1,-0.241578277,27.09066515,10.40911025,-0.001484571,0,0.15280592,atlantic,modisaquar2022.0_chlpoly4,full,small,small,2015,1,TRUE,1,10,none,average,"","",gauss,symmetric,loess,0.2,"30,205","60,151","90,180",percent_thresh,20,0.1,TRUE,TRUE,TRUE,TRUE,0.75,1.25,0.85,1.15,1.05,FALSE,TRUE,"2002,2024",AC,custom,"",
,TRUE,HB,2016,0.832009173,0.569229837,2.751468515,117,145,149,181,64,124.633724,123.7438537,6.62763291,4.57214018,1,-1.056614522,55.71796841,17.29973698,0.003053605,0,0.176254602,atlantic,modisaquar2022.0_chlpoly4,full,small,small,2016,1,TRUE,1,10,none,average,"","",gauss,symmetric,loess,0.2,"30,220","60,151","90,180",percent_thresh,20,0.1,TRUE,TRUE,TRUE,TRUE,0.75,1.25,0.85,1.15,1.05,FALSE,TRUE,"2002,2024",HIB,custom,"",
,TRUE,HB,2017,0.276971796,0.218302563,2.10120769,114,146,143,172,58,36.19697113,38.45753269,2.067382152,1.376261813,1,-0.697852101,36.58209954,15.95475739,-0.000152531,0,0.116070775,atlantic,modisaquar2022.0_chlpoly4,full,small,small,2017,1,TRUE,1,5,none,average,"","",gauss,symmetric,loess,0.2,"30,213","60,151","90,180",percent_thresh,20,0.1,TRUE,TRUE,TRUE,TRUE,0.75,1.25,0.85,1.15,1.05,FALSE,TRUE,"2002,2024",NENS,custom,"",
,TRUE,HB,2018,0.59866676,0.543087506,1.820909172,,193,180,,,,,1.395366772,0.915978352,15,-0.355598332,24.41721866,17.31819438,-0.000588966,0,0.158050576,atlantic,modisaquar2022.0_chlpoly4,full,small,small,2018,1,TRUE,1,20,none,average,"","",gauss,symmetric,loess,0.2,"30,230","60,151","90,180",percent_thresh,20,0.1,TRUE,TRUE,TRUE,TRUE,0.75,1.25,0.85,1.15,1.05,FALSE,TRUE,"2002,2024",SAB,custom,"",
,TRUE,HB,2019,0.31697505,0.295209986,1.544587662,115,156,160,205,90,21.78618191,25.57798231,0.87020481,0.517330749,12,-0.844276814,31.77217299,24.73890699,0.001282326,0,0.105419692,atlantic,modisaquar2022.0_chlpoly4,full,small,small,2019,1,TRUE,1,20,none,average,"","",gauss,symmetric,loess,0.2,"30,246","60,151","90,180",percent_thresh,20,0.1,TRUE,TRUE,TRUE,TRUE,0.75,1.25,0.85,1.15,1.05,FALSE,TRUE,"2002,2024",HB,custom,"",
,TRUE,HB,2020,0.458090082,0.302055955,2.531238265,107,132,144,181,74,93.48080457,85.25718949,3.889149047,2.591678135,1,-0.898255478,59.19060386,20.31403657,0.001252519,0,0.131051546,atlantic,modisaquar2022.0_chlpoly4,full,small,small,2020,1,TRUE,1,10,none,average,"","",gauss,symmetric,loess,0.2,"30,235","60,151","90,180",percent_thresh,20,0.1,TRUE,TRUE,TRUE,TRUE,0.75,1.25,0.85,1.15,1.05,FALSE,TRUE,"2002,2024",FP,custom,"",
,TRUE,HB,2021,0.517405344,0.400669632,2.141579703,96,123,127,158,62,75.56961757,77.14020091,3.301981107,2.694346811,,-0.729299797,43.76641957,16.94351419,0.001352374,0,0.153483288,atlantic,modisaquar2022.0_chlpoly4,full,small,small,2021,1,TRUE,1,10,none,average,"","",gauss,symmetric,loess,0.2,"30,220","60,151","90,180",percent_thresh,20,0.1,TRUE,TRUE,TRUE,TRUE,0.75,1.25,0.85,1.15,1.05,FALSE,TRUE,"2002,2024",SPB,custom,"",
,TRUE,HB,2022,0.498275103,0.441870844,2.645060472,105,131,131,157,52,53.69307845,51.33448659,3.85636793,2.13364493,1,-0.850410609,38.88662155,14.46773845,0.001111987,0,0.151392329,atlantic,modisaquar2022.0_chlpoly4,full,small,small,2022,1,TRUE,1,10,none,average,"","",gauss,symmetric,loess,0.2,"30,200","60,151","90,180",percent_thresh,20,0.1,TRUE,TRUE,TRUE,TRUE,0.75,1.25,0.85,1.15,1.05,FALSE,TRUE,"2002,2024",SES,custom,"",
,TRUE,HB,2023,0.481106702,0.272152477,3.620044582,118,143,144,170,52,104.208784,79.51583799,12.85448453,3.667266428,12,-0.980653969,46.08199239,14.00888628,0.00176648,0,0.202447312,atlantic,modisaquar2022.0_chlpoly4,full,small,small,2023,1,TRUE,1,10,none,average,"","",gauss,symmetric,loess,0.2,"30,190","60,151","90,180",percent_thresh,20,0.1,TRUE,TRUE,TRUE,TRUE,0.75,1.25,0.85,1.15,1.05,FALSE,TRUE,"2002,2024",AC,custom,"",
,TRUE,FP,2003,0.366398766,0.254682915,2.704534845,110,148,152,194,84,121.9784251,110.9182353,4.842327876,3.097004804,1,-1.032721438,75.79132189,23.13115724,0.001568741,0,0.118923987,atlantic,modisaquar2022.0_chlpoly4,full,small,small,2003,1,TRUE,1,20,none,average,"","",gauss,symmetric,loess,0.2,"50,250","60,151","90,180",percent_thresh,20,0.1,TRUE,TRUE,TRUE,TRUE,0.75,1.25,0.85,1.15,1.05,FALSE,TRUE,"2002,2024",HIB,custom,"",
,TRUE,FP,2004,0.502083587,0.545043773,2.644036566,55,123,128,201,146,116.3289806,102.9088576,3.710882558,1.543817126,1,-0.989008002,112.3732099,40.47631697,0.000822886,0,0.160468833,atlantic,modisaquar2022.0_chlpoly4,full,small,small,2004,1,TRUE,1,20,none,average,"","",gauss,symmetric,loess,0.2,"10,235","60,151","90,180",percent_thresh,20,0.1,TRUE,TRUE,TRUE,TRUE,0.75,1.25,0.85,1.15,1.05,FALSE,TRUE,"2002,2024",NENS,custom,"",
,TRUE,FP,2005,0.589597554,0.588015912,3.181662045,75,107,118,161,86,142.7113462,132.2684302,8.854951683,3.559517159,1,-0.587074476,74.21628029,23.62230986,-0.000762643,0,0.188186231,atlantic,modisaquar2022.0_chlpoly4,full,small,small,2005,1,TRUE,1,20,none,average,"","",gauss,symmetric,loess,0.2,"10,235","60,151","90,180",percent_thresh,20,0.1,TRUE,TRUE,TRUE,TRUE,0.75,1.25,0.85,1.15,1.05,FALSE,TRUE,"2002,2024",SAB,custom,"",
,TRUE,FP,2006,0.336957744,0.203290591,2.627948843,72,103,105,138,66,65.50580114,66.34466505,2.992914183,2.333410519,,-0.951820855,56.69882538,18.06319169,0.000881603,0,0.121142108,atlantic,modisaquar2022.0_chlpoly4,full,small,small,2006,1,TRUE,1,20,none,average,"","",gauss,symmetric,loess,0.2,"10,235","60,151","90,180",percent_thresh,20,0.1,TRUE,TRUE,TRUE,TRUE,0.75,1.25,0.85,1.15,1.05,FALSE,TRUE,"2002,2024",HB,custom,"",
,TRUE,FP,2007,0.303174854,0.212233721,2.907302674,99,129,124,149,50,169.0484512,149.9988854,15.34223328,7.843330185,1,-0.83550541,54.58439646,13.52517906,0.001054539,0,0.16713174,atlantic,modisaquar2022.0_chlpoly4,full,small,small,2007,1,TRUE,1,20,none,average,"","",gauss,symmetric,loess,0.2,"10,220","60,151","90,180",percent_thresh,20,0.1,TRUE,TRUE,TRUE,TRUE,0.75,1.25,0.85,1.15,1.05,FALSE,TRUE,"2002,2024",FP,custom,"",
,TRUE,FP,2008,0.357831589,0.272083213,2.077764787,92,109,115,138,46,34.01521877,29.48536236,1.521119437,1.318508172,,-0.661828094,24.83855533,12.27413927,0.000418845,0,0.112363498,atlantic,modisaquar2022.0_chlpoly4,full,small,small,2008,1,TRUE,1,20,none,average,"","",gauss,symmetric,loess,0.2,"10,220","60,151","90,180",percent_thresh,20,0.1,TRUE,TRUE,TRUE,TRUE,0.75,1.25,0.85,1.15,1.05,FALSE,TRUE,"2002,2024",SPB,custom,"",
,TRUE,FP,2009,0.44311312,0.250935069,3.871817705,88,125,122,156,68,190.2839787,125.4668025,12.86553372,4.567557807,12,-0.62563201,68.80311741,18.65678052,-0.001401552,0,0.240536395,atlantic,modisaquar2022.0_chlpoly4,full,small,small,2009,1,TRUE,1,20,none,average,"","",gauss,symmetric,loess,0.2,"5,210","60,151","90,180",percent_thresh,20,0.1,TRUE,TRUE,TRUE,TRUE,0.75,1.25,0.85,1.15,1.05,FALSE,TRUE,"2002,2024",SES,custom,"",
,TRUE,FP,2010,0.537880499,0.509865245,2.333374342,37,132,128,219,182,173.0255759,141.5322226,3.098334665,1.675304108,12,-0.739024987,131.2349665,50.2620851,-0.000290291,0,0.153330894,atlantic,modisaquar2022.0_chlpoly4,full,small,small,2010,1,TRUE,1,20,none,average,"","",gauss,symmetric,loess,0.2,"5,249","60,151","90,180",percent_thresh,20,0.1,TRUE,TRUE,TRUE,TRUE,0.75,1.25,0.85,1.15,1.05,FALSE,TRUE,"2002,2024",AC,custom,"",
,TRUE,FP,2011,0.465816098,0.384666393,2.27591309,106,126,120,134,28,46.62048706,40.92527677,4.429930359,3.258331919,1,-0.692328839,19.37277166,7.433200974,0.001726161,0,0.142924438,atlantic,modisaquar2022.0_chlpoly4,full,small,small,2011,1,TRUE,1,20,none,average,"","",gauss,symmetric,loess,0.2,"55,200","60,151","90,180",percent_thresh,20,0.1,TRUE,TRUE,TRUE,TRUE,0.75,1.25,0.85,1.15,1.05,FALSE,TRUE,"2002,2024",HIB,custom,"",
,TRUE,FP,2012,0.407854614,0.25387664,3.223611641,98,115,119,140,42,76.15854836,74.71007405,4.83106078,4.292897812,,-0.635118918,38.85500458,11.41850921,-0.00058956,0,0.16059274,atlantic,modisaquar2022.0_chlpoly4,full,small,small,2012,1,TRUE,1,20,none,average,"","",gauss,symmetric,loess,0.2,"20,200","60,151","90,180",percent_thresh,20,0.1,TRUE,TRUE,TRUE,TRUE,0.75,1.25,0.85,1.15,1.05,FALSE,TRUE,"2002,2024",NENS,custom,"",
,TRUE,FP,2013,0.502009726,0.386609,3.119159699,69,115,113,157,88,94.0117933,87.73992961,4.860981547,2.246262465,1,-0.814734909,73.12505356,24.41536038,,0,0.206160727,atlantic,modisaquar2022.0_chlpoly4,full,small,small,2013,1,TRUE,1,10,none,average,"","",gauss,symmetric,loess,0.2,"20,220","60,151","90,180",percent_thresh,20,0.1,TRUE,FALSE,TRUE,TRUE,0.75,1.25,0.85,1.15,1.05,FALSE,TRUE,"2002,2024",SAB,custom,"",
,TRUE,FP,2014,0.323650875,0.248248248,2.551278233,96,130,123,150,54,69.20705671,63.36776989,5.363016717,2.723091237,1,-0.621626017,44.93300173,14.64087643,-0.001145994,0,0.12867285,atlantic,modisaquar2022.0_chlpoly4,full,small,small,2014,1,TRUE,1,20,none,average,"","",gauss,symmetric,loess,0.2,"30,220","60,151","90,180",percent_thresh,20,0.1,TRUE,TRUE,TRUE,TRUE,0.75,1.25,0.85,1.15,1.05,FALSE,TRUE,"2002,2024",HB,custom,"",
,TRUE,FP,2015,0.376606713,0.304374666,2.522622737,106,126,130,154,48,65.61425387,57.1446537,4.41948367,2.710772424,1,-0.394505154,37.20766798,12.92894183,-0.002218984,0,0.155210414,atlantic,modisaquar2022.0_chlpoly4,full,small,small,2015,1,TRUE,1,20,none,average,"","",gauss,symmetric,loess,0.2,"30,220","60,151","90,180",percent_thresh,20,0.1,TRUE,TRUE,TRUE,TRUE,0.75,1.25,0.85,1.15,1.05,FALSE,TRUE,"2002,2024",FP,custom,"",
,TRUE,FP,2016,0.542074406,0.404231954,3.069125545,79,124,122,165,86,109.9025169,97.42364546,3.142190545,2.462360852,,-0.439585779,65.10136609,23.85959297,-0.001808484,0,0.108793163,atlantic,modisaquar2022.0_chlpoly4,full,small,small,2016,1,TRUE,1,20,none,average,"","",gauss,symmetric,loess,0.2,"25,230","60,151","90,180",percent_thresh,20,0.1,TRUE,TRUE,TRUE,TRUE,0.75,1.25,0.85,1.15,1.05,FALSE,TRUE,"2002,2024",SPB,custom,"",
,TRUE,FP,2017,0.414128916,0.277669323,2.661619581,95,146,143,191,96,94.26169976,85.13890024,2.222168244,1.923138997,,-0.415709404,71.03590609,26.46273653,-0.00232617,0,0.134443342,atlantic,modisaquar2022.0_chlpoly4,full,small,small,2017,1,TRUE,1,20,none,average,"","",gauss,symmetric,loess,0.2,"30,215","60,151","90,180",percent_thresh,20,0.1,TRUE,TRUE,TRUE,TRUE,0.75,1.25,0.85,1.15,1.05,FALSE,TRUE,"2002,2024",SES,custom,"",
,TRUE,FP,2018,0.724821363,0.475494298,3.058131026,76,129,116,156,80,210.4187461,231.5641663,8.898153302,6.881344109,,-0.420995981,74.03775018,21.99837413,-0.000550174,0,0.161291233,atlantic,modisaquar2022.0_chlpoly4,full,small,small,2018,1,TRUE,1,20,none,average,"","",gauss,symmetric,loess,0.2,"25,230","60,151","90,180",percent_thresh,20,0.1,TRUE,TRUE,TRUE,TRUE,0.75,1.25,0.85,1.15,1.05,FALSE,TRUE,"2002,2024",AC,custom,"",
,TRUE,FP,2019,0.632697658,0.379992661,3.287888719,93,113,123,153,60,172.4414052,162.4293145,6.865240998,6.706695177,,-0.572152408,57.87901655,16.21070921,-7.37e-05,0,0.1345812,atlantic,modisaquar2022.0_chlpoly4,full,small,small,2019,1,TRUE,1,20,none,average,"","",gauss,symmetric,loess,0.2,"25,230","60,151","90,180",percent_thresh,20,0.1,TRUE,TRUE,TRUE,TRUE,0.75,1.25,0.85,1.15,1.05,FALSE,TRUE,"2002,2024",HIB,custom,"",
,TRUE,FP,2020,0.589361724,0.297561957,3.452005147,86,108,108,130,44,105.5242024,80.55550453,10.61990245,4.337901783,12,-0.802903258,41.24302442,12.17818828,0.001008414,0,0.114640021,atlantic,modisaquar2022.0_chlpoly4,full,small,small,2020,1,TRUE,1,20,none,average,"","",gauss,symmetric,loess,0.2,"15,200","60,151","90,180",percent_thresh,20,0.1,TRUE,TRUE,TRUE,TRUE,0.75,1.25,0.85,1.15,1.05,FALSE,TRUE,"2002,2024",NENS,custom,"",
,TRUE,FP,2021,0.860739363,0.773896293,2.143172484,83,103,107,131,48,64.97987055,59.65764897,2.958736882,2.539678354,,-0.920989716,28.04308425,13.06344801,0.004994923,0,0.144121455,atlantic,modisaquar2022.0_chlpoly4,full,small,small,2021,1,TRUE,1,10,none,average,"","",gauss,symmetric,loess,0.2,"50,182","60,151","90,180",percent_thresh,20,0.1,TRUE,TRUE,TRUE,TRUE,0.75,1.25,0.85,1.15,1.05,FALSE,TRUE,"2002,2024",SAB,custom,"",
,TRUE,FP,2022,0.633716485,0.616113109,3.134346661,104,140,142,180,76,110.9547405,91.54486326,4.755045151,2.769194301,12,-0.65546627,61.97146471,20.63469706,-0.000506188,0,0.150145918,atlantic,modisaquar2022.0_chlpoly4,full,small,small,2022,1,TRUE,1,20,none,average,"","",gauss,symmetric,loess,0.2,"60,215","60,151","90,180",percent_thresh,20,0.1,TRUE,TRUE,TRUE,TRUE,0.75,1.25,0.85,1.15,1.05,FALSE,TRUE,"2002,2024",HB,custom,"",
,TRUE,FP,2023,0.393388204,0.290640975,2.438819973,107,131,131,155,48,70.90756976,68.56272015,3.234994003,3.255520519,,-0.445322813,38.09886124,13.01508012,-0.001368814,0,0.085663531,atlantic,modisaquar2022.0_chlpoly4,full,small,small,2023,1,TRUE,1,20,none,average,"","",gauss,symmetric,loess,0.2,"20,215","60,151","90,180",percent_thresh,20,0.1,TRUE,TRUE,TRUE,TRUE,0.75,1.25,0.85,1.15,1.05,FALSE,TRUE,"2002,2024",FP,custom,"",
